contract_id,account_id,paket,outlet_kontrak,batas_outlet_paket,mulai,tanggal_renewal,harga_per_outlet_bulan,diskon_pct,nilai_tahunan,keterlambatan_bayar_12bln,decision_id
K-C01,C01,Enterprise,42,tanpa batas,2025-12-15,2026-12-15,350000,15,149940000,0,D-2025-11
K-C02,C02,Growth,25,25,2026-03-01,2027-03-01,350000,5,99750000,0,
K-C03,C03,Growth,18,25,2026-01-20,2027-01-20,350000,10,68040000,0,
K-C04,C04,Starter,8,10,2025-11-05,2026-11-05,350000,0,33600000,2,
K-C05,C05,Growth,24,25,2026-04-10,2027-04-10,350000,5,95760000,0,
K-C06,C06,Enterprise,30,tanpa batas,2026-07-01,2027-07-01,350000,10,113400000,0,
K-C07,C07,Growth,21,25,2025-11-27,2026-11-27,350000,10,79380000,1,
K-C08,C08,Growth,14,25,2025-12-18,2026-12-18,350000,0,58800000,0,
K-C09,C09,Growth,15,25,2025-12-21,2026-12-21,350000,0,63000000,0,
K-C10,C10,Growth,21,25,2026-03-26,2027-03-26,350000,10,79380000,0,
K-C11,C11,Growth,22,25,2026-01-10,2027-01-10,350000,0,92400000,0,
K-C12,C12,Enterprise,24,tanpa batas,2026-04-23,2027-04-23,350000,5,95760000,0,
K-C13,C13,Growth,17,25,2026-05-12,2027-05-12,350000,10,64260000,0,
K-C14,C14,Starter,8,10,2026-05-28,2027-05-28,350000,10,30240000,0,
K-C15,C15,Enterprise,23,tanpa batas,2026-05-12,2027-05-12,350000,5,91770000,0,
K-C16,C16,Starter,8,10,2025-11-24,2026-11-24,350000,0,33600000,0,
K-C17,C17,Starter,10,10,2026-05-09,2027-05-09,350000,10,37800000,0,
K-C18,C18,Starter,8,10,2026-06-14,2027-06-14,350000,0,33600000,0,
K-C19,C19,Starter,8,10,2026-05-12,2027-05-12,350000,10,30240000,0,
K-C20,C20,Starter,5,10,2026-04-21,2027-04-21,350000,0,21000000,1,
K-C21,C21,Starter,9,10,2026-09-07,2027-09-07,350000,0,37800000,0,
K-C22,C22,Growth,18,25,2025-12-05,2026-12-05,350000,5,71820000,0,
K-C23,C23,Starter,6,10,2025-09-08,2027-09-08,350000,0,25200000,0,
K-C24,C24,Starter,10,10,2025-11-28,2026-11-28,350000,5,39900000,0,
K-C25,C25,Growth,15,25,2026-01-16,2027-01-16,350000,10,56700000,0,
K-C26,C26,Starter,10,10,2025-12-30,2026-12-30,350000,5,39900000,0,
K-C27,C27,Growth,22,25,2026-05-30,2027-05-30,350000,0,92400000,0,
K-C28,C28,Growth,12,25,2026-08-11,2027-08-11,350000,0,50400000,0,
K-C29,C29,Growth,12,25,2025-12-15,2026-12-15,350000,0,50400000,1,
K-C30,C30,Growth,17,25,2026-05-06,2027-05-06,350000,5,67830000,0,
K-C31,C31,Growth,13,25,2026-05-05,2027-05-05,350000,10,49140000,0,
K-C32,C32,Growth,14,25,2026-03-20,2027-03-20,350000,0,58800000,1,
K-C33,C33,Starter,4,10,2026-09-06,2027-09-06,350000,0,16800000,0,
K-C34,C34,Growth,12,25,2026-08-28,2027-08-28,350000,0,50400000,0,
K-C35,C35,Growth,22,25,2026-04-05,2027-04-05,350000,5,87780000,1,
K-C36,C36,Growth,11,25,2025-11-25,2026-11-25,350000,0,46200000,0,
K-C37,C37,Growth,12,25,2026-07-25,2027-07-25,350000,0,50400000,0,
K-C38,C38,Growth,21,25,2026-06-28,2027-06-28,350000,0,88200000,0,
K-C39,C39,Growth,19,25,2026-07-23,2027-07-23,350000,10,71820000,0,
K-C40,C40,Starter,10,10,2025-11-20,2026-11-20,350000,10,37800000,0,
