contact_id,nama,email,account_id_saat_ini,jabatan_saat_ini
K001,Agus Salim,agus.salim@berkahmart.id,C05,Operations Manager
K002,Ayu Anggraini,ayu.anggraini@fashionoutleta.id,C18,Manajer Area
K003,Mega Hidayat,mega.hidayat@tokosepatulang.id,C37,Pemilik
K004,Eka Wibowo,eka.wibowo@materialbangun.id,C31,Manajer Area
K005,Heru Lestari,heru.lestari@tokoherbalalam.id,C32,Manajer Operasional
K006,Cahyo Hidayat,cahyo.hidayat@tokokuedelima.id,C12,Supervisor Toko
K007,Melati Sukma,melati.sukma@sinarjaya-tb.com,C02,Admin Operasional
K008,Dian Pratama,dian.pratama@optikprimavisi.id,C14,Staf IT
K009,Erna Siregar,erna.siregar@tokobesimakmur.id,C16,Pemilik
K010,Bambang Firmansyah,bambang.firmansyah@fashionoutleta.id,C18,Pemilik
K011,Nanda Wibowo,nanda.wibowo@depotrawonseta.id,C30,Admin Keuangan
K012,Jeni Anggraini,jeni.anggraini@tokosepatulang.id,C37,Pemilik
K013,Reza Setiawan,reza.setiawan@apotekkimiasej.id,C27,Manajer Operasional
K014,Feri Utami,feri.utami@tokosembakomaj.id,C25,Manajer Area
K015,Cahyo Setiawan,cahyo.setiawan@martabakbangka.id,C21,Supervisor Toko
K016,Hani Permana,hani.permana@bakmijowopakgo.id,C10,Manajer Operasional
K017,Rina Hapsari,rina.hapsari@mandalaritel.co.id,P01,GM Operations
K018,Taufik Siregar,taufik.siregar@optikprimavisi.id,C14,Pemilik
K019,Gilang Utami,gilang.utami@ayamgeprekmant.id,C26,Admin Keuangan
K020,Krisna Wijaya,krisna.wijaya@kedaitehnusant.id,C15,Staf IT
K021,Bayu Saputra,bayu.saputra@sehatsentosa.co.id,C03,Staf IT
K022,Fitri Pratama,fitri.pratama@apotekbundaseh.id,C17,Pemilik
K023,Ika Wibowo,ika.wibowo@apotekbundaseh.id,C17,Manajer Operasional
K024,Gilang Halim,gilang.halim@tokokuedelima.id,C12,Manajer Area
K025,Galih Permana,galih.permana@bengkelmotorse.id,C24,Manajer Area
K026,Eka Purnomo,eka.purnomo@tokoalattulisc.id,C40,Supervisor Toko
K027,Zainal Nasution,zainal.nasution@tokokuedelima.id,C12,Pemilik
K028,Hartono Gunawan,hartono.gunawan@nirwanahotel.co.id,P04,Direktur Utama
K029,Eka Hidayat,eka.hidayat@bengkelmotorse.id,C24,Staf IT
K030,Novi Kurniawan,novi.kurniawan@apotekbundaseh.id,C17,Admin Keuangan
K031,Ika Nasution,ika.nasution@tokoherbalalam.id,C32,Manajer Operasional
K032,Nanda Lestari,nanda.lestari@apotekmedikafa.id,C09,Supervisor Toko
K033,Wulan Sari,wulan.sari@mieayamgajahma.id,C19,Store Manager
K034,Rizky Susanto,rizky.susanto@estehindonesia.id,C39,Staf IT
K035,Vina Anggraini,vina.anggraini@baksocakman.id,C36,Staf IT
K036,Siti Siregar,siti.siregar@tokoherbalalam.id,C32,Manajer Operasional
K037,Putri Lestari,putri.lestari@kopikenangande.id,C33,Manajer Operasional
K038,Joko Saputra,joko.saputra@depotrawonseta.id,C30,Staf IT
K039,Kartika Wijaya,kartika.wijaya@rotibakar88.id,C29,Pemilik
K040,Galih Gunawan,galih.gunawan@depotrawonseta.id,C30,Staf IT
K041,Reza Santoso,reza.santoso@tokoalattulisc.id,C40,Manajer Area
K042,Putri Gunawan,putri.gunawan@apotekkimiasej.id,C27,Staf IT
K043,Siti Saputra,siti.saputra@kopikenangande.id,C33,Admin Keuangan
K044,Ika Rahayu,ika.rahayu@tokosembakomaj.id,C25,Staf IT
K045,Jeni Setiawan,jeni.setiawan@warungsambalbu.id,C07,Manajer Area
K046,Bambang Nasution,bambang.nasution@tokobukupelita.id,C22,Admin Keuangan
K047,Taufik Hidayat,taufik.hidayat@baksocakman.id,C36,Admin Keuangan
K048,Vina Wibowo,vina.wibowo@petshopsahabat.id,C20,Staf IT
K049,Ratna Dewi,ratna.dewi@pratamamedika.co.id,P03,Kepala Apotek
K050,Fikri Ramadhan,fikri.ramadhan@kopilintas.co.id,C01,IT Supervisor
K051,Ika Siregar,ika.siregar@apotekmedikafa.id,C09,Manajer Area
K052,Fajar Nugraha,fajar.nugraha@mandalaritel.co.id,P01,IT Manager
K053,Kenanga Wulandari,kenanga.wulandari@rotikenanga.id,C04,Pemilik
K054,Mira Anggraini,mira.anggraini@fashionoutleta.id,C18,Staf IT
K055,Eka Saputra,eka.saputra@mieayamgajahma.id,C19,Manajer Operasional
K056,Michael Tanoto,michael.tanoto@kopilintas.co.id,C01,Direktur Utama
K057,Wawan Permana,wawan.permana@laundrybersihk.id,C38,Supervisor Toko
K058,Vina Purnomo,vina.purnomo@tokoelektronik.id,C08,Supervisor Toko
K059,Heru Firmansyah,heru.firmansyah@tokosepatulang.id,C37,Manajer Area
K060,Krisna Anggraini,krisna.anggraini@estehindonesia.id,C39,Pemilik
K061,Erna Santoso,erna.santoso@petshopsahabat.id,C20,Pemilik
K062,Joko Halim,joko.halim@restoseafoodba.id,C13,Manajer Operasional
K063,Ika Hidayat,ika.hidayat@optikprimavisi.id,C14,Pemilik
K064,Reza Gunawan,reza.gunawan@swalayansumber.id,C11,Manajer Area
K065,Yuli Astuti,yuli.astuti@nirwanahotel.co.id,P04,Purchasing Manager
K066,Hani Wibowo,hani.wibowo@mieayamgajahma.id,C19,Supervisor Toko
K067,Joko Kurniawan,joko.kurniawan@swalayansumber.id,C11,Pemilik
K068,Fitri Kurniawan,fitri.kurniawan@apotekkimiasej.id,C27,Staf IT
K069,Dodi Halim,dodi.halim@apotekmedikafa.id,C09,Supervisor Toko
K070,Joko Santoso,joko.santoso@tokosembakomaj.id,C25,Admin Keuangan
K071,Lukman Saputra,lukman.saputra@fashionoutleta.id,C18,Manajer Area
K072,Erna Pratama,erna.pratama@rotibakar88.id,C29,Pemilik
K073,Fitri Purnomo,fitri.purnomo@kedaitehnusant.id,C15,Staf IT
K074,Rizky Santoso,rizky.santoso@materialbangun.id,C31,Admin Keuangan
K075,Ayu Saputra,ayu.saputra@frozenfoodmama.id,C35,Pemilik
K076,Teddy Kurniawan,teddy.kurniawan@teraskafe.id,P02,Pemilik
K077,Yanti Nasution,yanti.nasution@tokomainanceri.id,C28,Manajer Operasional
K078,Feri Hidayat,feri.hidayat@tokobukupelita.id,C22,Admin Keuangan
K079,Nurul Aini,nurul.aini@sehatsentosa.co.id,C03,Manajer Operasional
K080,Heru Utami,heru.utami@restoseafoodba.id,C13,Admin Keuangan
K081,Dodi Siregar,dodi.siregar@tokoelektronik.id,C08,Manajer Operasional
K082,Indra Saputra,indra.saputra@tokobukupelita.id,C22,Manajer Area
K083,Agus Halim,agus.halim@depotrawonseta.id,C30,Manajer Operasional
K084,Agus Anggraini,agus.anggraini@tokoelektronik.id,C08,Admin Keuangan
K085,Galih Susanto,galih.susanto@ayamgeprekmant.id,C26,Pemilik
K086,Joko Wijaya,joko.wijaya@tokobesimakmur.id,C16,Manajer Operasional
K087,Ika Setiawan,ika.setiawan@tokobesimakmur.id,C16,Admin Keuangan
K088,Putri Setiawan,putri.setiawan@apotekkimiasej.id,C27,Pemilik
K089,Steven Wijaya,steven.wijaya@mandalaritel.co.id,P01,Direktur Utama
K090,Nanda Santoso,nanda.santoso@tokoherbalalam.id,C32,Pemilik
K091,Novi Saputra,novi.saputra@baksocakman.id,C36,Manajer Operasional
K092,Kartika Rahayu,kartika.rahayu@apotekbundaseh.id,C17,Pemilik
K093,Rizky Firmansyah,rizky.firmansyah@tokokuedelima.id,C12,Supervisor Toko
K094,Heru Wijaya,heru.wijaya@kafesenja.id,C23,Pemilik
K095,Dimas Arya,dimas.arya@kafesenja.id,C23,Pemilik
K096,Umi Hidayat,umi.hidayat@materialbangun.id,C31,Supervisor Toko
K097,Mega Rahayu,mega.rahayu@tokomainanceri.id,C28,Staf IT
K098,Dian Firmansyah,dian.firmansyah@depotrawonseta.id,C30,Manajer Operasional
K099,Hani Setiawan,hani.setiawan@estehindonesia.id,C39,Staf IT
K100,Feri Siregar,feri.siregar@warungsambalbu.id,C07,Staf IT
K101,Benny Wibowo,benny.wibowo@materialbangun.id,C31,Pemilik
K102,Benny Utami,benny.utami@tokomainanceri.id,C28,Staf IT
K103,Tari Oktaviani,tari.oktaviani@berkahmart.id,C05,Supervisor Gudang
K104,Eka Siregar,eka.siregar@laundrybersihk.id,C38,Manajer Area
K105,Cahyo Kurniawan,cahyo.kurniawan@tokomainanceri.id,C28,Pemilik
K106,Novi Anggraini,novi.anggraini@tokoalattulisc.id,C40,Admin Keuangan
K107,Ayu Siregar,ayu.siregar@ayamgeprekmant.id,C26,Manajer Operasional
K108,Dian Gunawan,dian.gunawan@kedaitehnusant.id,C15,Manajer Area
K109,Oki Pratama,oki.pratama@swalayansumber.id,C11,Supervisor Toko
K110,Gilang Firmansyah,gilang.firmansyah@restoseafoodba.id,C13,Manajer Area
K111,Rudi Hartanto,rudi.hartanto@sinarjaya-tb.com,C02,Pemilik
K112,Reza Susanto,reza.susanto@tokobesimakmur.id,C16,Supervisor Toko
K113,Zainal Halim,zainal.halim@kedaitehnusant.id,C15,Staf IT
K114,Hanif Maulana,hanif.maulana@pratamamedika.co.id,P03,Direktur Klinik
K115,Yanti Setiawan,yanti.setiawan@grosirplastikj.id,C34,Staf IT
K116,Budi Santoso,budi.santoso@saiyogroup.co.id,C06,CFO
K117,Galih Hidayat,galih.hidayat@martabakbangka.id,C21,Manajer Operasional
K118,Lia Santoso,lia.santoso@warungsambalbu.id,C07,Admin Keuangan
K119,Vina Nasution,vina.nasution@rotibakar88.id,C29,Manajer Area
K120,Fitri Nasution,fitri.nasution@laundrybersihk.id,C38,Pemilik
K121,Mira Susanto,mira.susanto@bakmijowopakgo.id,C10,Pemilik
K122,Indra Lestari,indra.lestari@kopikenangande.id,C33,Supervisor Toko
K123,Ayu Kurniawan,ayu.kurniawan@bakmijowopakgo.id,C10,Pemilik
K124,Vina Gunawan,vina.gunawan@grosirplastikj.id,C34,Pemilik
K125,Reza Pratama,reza.pratama@bakmijowopakgo.id,C10,Admin Keuangan
K126,Kartika Siregar,kartika.siregar@optikprimavisi.id,C14,Admin Keuangan
K127,Gilang Setiawan,gilang.setiawan@kafesenja.id,C23,Manajer Area
K128,Rizky Pratama,rizky.pratama@frozenfoodmama.id,C35,Staf IT
K129,Lia Hidayat,lia.hidayat@kafesenja.id,C23,Manajer Area
K130,Umi Santoso,umi.santoso@petshopsahabat.id,C20,Supervisor Toko
K131,Dodi Susanto,dodi.susanto@bengkelmotorse.id,C24,Admin Keuangan
K132,Heru Halim,heru.halim@baksocakman.id,C36,Manajer Operasional
K133,Wawan Purnomo,wawan.purnomo@tokosepatulang.id,C37,Admin Keuangan
K134,Yoga Pratama,yoga.pratama@kopilintas.co.id,C01,CFO
K135,Lukman Gunawan,lukman.gunawan@mieayamgajahma.id,C19,Staf IT
K136,Putri Santoso,putri.santoso@apotekmedikafa.id,C09,Staf IT
K137,Oki Purnomo,oki.purnomo@petshopsahabat.id,C20,Staf IT
K138,Agus Lestari,agus.lestari@tokosembakomaj.id,C25,Staf IT
K139,Dodi Setiawan,dodi.setiawan@grosirplastikj.id,C34,Staf IT
K140,Mega Wijaya,mega.wijaya@warungsambalbu.id,C07,Staf IT
K141,Joko Purnomo,joko.purnomo@restoseafoodba.id,C13,Manajer Operasional
K142,Eka Setiawan,eka.setiawan@ayamgeprekmant.id,C26,Staf IT
K143,Hani Rahayu,hani.rahayu@rotibakar88.id,C29,Staf IT
K144,Heru Hidayat,heru.hidayat@kopikenangande.id,C33,Manajer Operasional
K145,Wawan Utami,wawan.utami@grosirplastikj.id,C34,Manajer Area
K146,Rizky Rahayu,rizky.rahayu@laundrybersihk.id,C38,Admin Keuangan
K147,Yanti Wibowo,yanti.wibowo@mieayamgajahma.id,C19,Supervisor Toko
K148,Nanda Pratama,nanda.pratama@martabakbangka.id,C21,Pemilik
K149,Dian Wibowo,dian.wibowo@tokoelektronik.id,C08,Admin Keuangan
K150,Lukman Setiawan,lukman.setiawan@tokobukupelita.id,C22,Supervisor Toko
K151,Taufik Halim,taufik.halim@frozenfoodmama.id,C35,Manajer Area
K152,Ika Saputra,ika.saputra@rotibakar88.id,C29,Admin Keuangan
K153,Rahmat Hidayat,rahmat.hidayat@saiyogroup.co.id,C06,Manajer Operasional
K154,Heru Permana,heru.permana@martabakbangka.id,C21,Admin Keuangan
K155,Cahyo Halim,cahyo.halim@bengkelmotorse.id,C24,Admin Keuangan
K156,Cahyo Wibowo,cahyo.wibowo@kafesenja.id,C23,Manajer Operasional
K157,Reza Nasution,reza.nasution@estehindonesia.id,C39,Supervisor Toko
K158,Ayu Gunawan,ayu.gunawan@tokoalattulisc.id,C40,Admin Keuangan
K159,Kartika Firmansyah,kartika.firmansyah@frozenfoodmama.id,C35,Manajer Operasional
K160,Taufik Firmansyah,taufik.firmansyah@swalayansumber.id,C11,Admin Keuangan
