decision_id,tanggal,tipe,account_id,deal_id,diminta_oleh,diputuskan_oleh,keputusan,nilai,alasan,bukti_interaction_id,fitur_dijanjikan,status_janji
D-2024-01,2024-02-12,diskon,C08,,E04,E01,Disetujui,12%,Kontrak 2 tahun dibayar di muka,,,
D-2024-02,2024-04-03,diskon,C15,,E06,E01,Ditolak,20%,Di luar kebijakan; ditawarkan 10%,,,
D-2024-03,2024-05-21,pengecualian,C11,,E05,E02,Disetujui,Tempo bayar 45 hari,"Klien grosir, arus kas musiman",,,
D-2024-04,2024-07-09,diskon,C20,,E07,E01,Disetujui,10%,Volume 20+ outlet,,,
D-2024-05,2024-08-15,janji_fitur,C09,,E04,E09,Disetujui,,Program loyalti untuk klien F&B,,FEAT-03,Ditepati (rilis Feb 2026)
D-2024-06,2024-10-02,diskon,C26,,E08,E01,Ditolak,18%,Tidak ada justifikasi volume,,,
D-2024-07,2024-11-19,eskalasi,C13,,E10,E09,Disetujui,Hotfix,Bug printer berdampak 3 akun,,,
D-2025-01,2025-01-28,diskon,C18,,E06,E01,Disetujui,12%,Pembayaran tahunan di muka,,,
D-2025-02,2025-03-04,diskon,C23,DL-006,E07,E01,Ditolak,20%,Di atas batas 15%; menyamai harga kompetitor merusak harga pasar. Deal kemudian kalah karena harga.,,,
D-2025-03,2025-04-17,pengecualian,C22,,E05,E02,Disetujui,Gratis 1 bulan,Kompensasi downtime 2 hari,,,
D-2025-04,2025-05-06,diskon,C30,,E08,E01,Disetujui,8%,Bundling perangkat,,,
D-2025-05,2025-06-24,diskon,C16,,E07,E01,Ditolak,25%,Di luar kebijakan,,,
D-2025-06,2025-08-12,pengecualian,C23,DL-007,E07,E01,Disetujui,"Paket Starter tanpa diskon, pilot 6 outlet","Pendekatan alternatif setelah kalah Maret: mulai dari Starter, naik paket bila puas. Deal menang Sep 2025.",,,
D-2025-07,2025-09-02,diskon,C10,,E04,E01,Disetujui,10%,Renewal 3 tahun,,,
D-2025-08,2025-09-30,eskalasi,C27,,E10,E09,Disetujui,Prioritas perbaikan,Bug struk ganda (BUG-398),,,
D-2025-09,2025-10-14,diskon,C24,,E06,E01,Disetujui,12%,Referensi publik untuk industri F&B,,,
D-2025-10,2025-11-05,pengecualian,C14,,E03,E02,Disetujui,Tempo bayar 30 hari,Pergantian bagian keuangan klien,,,
D-2025-11,2025-11-28,diskon,C01,DL-008,E03,E01,Disetujui,15%,Pengecualian: akun strategis 42 outlet; komitmen integrasi akuntansi rilis Q3 2026,I0061,FEAT-07,Belum ditepati
D-2025-12,2025-12-09,diskon,C33,,E07,E01,Ditolak,18%,Volume kecil,,,
D-2026-01,2026-01-20,janji_fitur,C29,,E05,E09,Disetujui,,Dashboard multi-outlet untuk klien Enterprise,,FEAT-06,Ditepati (rilis Mei 2026)
D-2026-02,2026-02-11,diskon,C12,,E04,E01,Disetujui,10%,Penambahan 5 outlet,,,
D-2026-03,2026-03-03,pengecualian,C04,,E04,E02,Disetujui,Tempo bayar 14 hari,Permintaan pemilik,,,
D-2026-04,2026-03-26,diskon,C21,,E08,E01,Ditolak,20%,Di luar kebijakan; ditawarkan Starter,,,
D-2026-05,2026-04-22,eskalasi,C35,,E10,E09,Disetujui,Perbaikan,Selisih stok transfer (BUG-405),,,
D-2026-06,2026-05-12,diskon,C17,,E06,E01,Disetujui,12%,Kontrak 2 tahun,,,
D-2026-07,2026-06-09,pengecualian,C31,,E05,E02,Disetujui,Pelatihan tambahan gratis,Pergantian banyak kasir,,,
D-2026-08,2026-07-14,eskalasi,C01,,E03,E09,Menunggu,Kepastian jadwal FEAT-07,Klien menanyakan jadwal integrasi; belum ada tanggal dari produk,,,
D-2026-09,2026-07-28,diskon,C36,,E07,E01,Disetujui,5%,Ekspansi 3 outlet,,,
D-2026-10,2026-08-25,diskon,C25,,E08,E01,Ditolak,17%,Tidak memenuhi syarat volume,,,
D-2026-11,2026-09-15,pengecualian,C19,,E05,E02,Disetujui,Migrasi data gratis,Klien membuka cabang baru,,,
