employee_id,nama,jabatan,email
E01,Andi Wiratama,VP Sales,andi@kasirnusa.id
E02,Dewi Lestari,Head of Customer Success,dewi@kasirnusa.id
E03,Sari Puspita,Account Manager,sari@kasirnusa.id
E04,Wahyu Nugroho,Account Manager,wahyu@kasirnusa.id
E05,Lina Marlina,Account Manager,lina@kasirnusa.id
E06,Bagus Prakoso,Sales Executive,bagus@kasirnusa.id
E07,Citra Ayuningtyas,Sales Executive,citra@kasirnusa.id
E08,Doni Saputra,Sales Executive,doni@kasirnusa.id
E09,Arif Setiawan,Head of Product,arif@kasirnusa.id
E10,Maya Kusuma,Support Lead,maya@kasirnusa.id
