bulan,account_id,feature_id,pengguna_aktif
2025-10,C01,FEAT-01,55
2025-10,C01,FEAT-02,42
2025-11,C01,FEAT-01,13
2025-11,C01,FEAT-02,5
2025-12,C01,FEAT-01,20
2025-12,C01,FEAT-02,20
2026-01,C01,FEAT-01,32
2026-01,C01,FEAT-02,53
2026-02,C01,FEAT-01,36
2026-02,C01,FEAT-02,59
2026-02,C01,FEAT-03,6
2026-03,C01,FEAT-01,48
2026-03,C01,FEAT-02,35
2026-04,C01,FEAT-01,28
2026-04,C01,FEAT-02,31
2026-04,C01,FEAT-03,16
2026-04,C01,FEAT-07,0
2026-05,C01,FEAT-01,35
2026-05,C01,FEAT-02,53
2026-05,C01,FEAT-03,6
2026-05,C01,FEAT-06,22
2026-05,C01,FEAT-07,0
2026-06,C01,FEAT-01,58
2026-06,C01,FEAT-02,30
2026-06,C01,FEAT-03,38
2026-06,C01,FEAT-06,52
2026-06,C01,FEAT-07,0
2026-07,C01,FEAT-01,14
2026-07,C01,FEAT-02,46
2026-07,C01,FEAT-03,47
2026-07,C01,FEAT-06,3
2026-07,C01,FEAT-07,0
2026-08,C01,FEAT-01,36
2026-08,C01,FEAT-02,32
2026-08,C01,FEAT-06,6
2026-08,C01,FEAT-07,0
2026-09,C01,FEAT-01,51
2026-09,C01,FEAT-02,53
2026-09,C01,FEAT-06,44
2026-09,C01,FEAT-07,0
2025-10,C02,FEAT-01,48
2025-10,C02,FEAT-02,48
2025-11,C02,FEAT-01,19
2025-11,C02,FEAT-02,50
2025-12,C02,FEAT-01,46
2025-12,C02,FEAT-02,5
2026-01,C02,FEAT-01,11
2026-01,C02,FEAT-02,50
2026-02,C02,FEAT-01,38
2026-02,C02,FEAT-02,10
2026-03,C02,FEAT-01,20
2026-03,C02,FEAT-02,29
2026-04,C02,FEAT-01,24
2026-04,C02,FEAT-02,36
2026-05,C02,FEAT-01,43
2026-05,C02,FEAT-02,44
2026-06,C02,FEAT-01,57
2026-06,C02,FEAT-02,23
2026-07,C02,FEAT-01,41
2026-07,C02,FEAT-02,22
2026-08,C02,FEAT-01,52
2026-08,C02,FEAT-02,47
2026-08,C02,FEAT-03,8
2026-09,C02,FEAT-01,21
2026-09,C02,FEAT-02,29
2026-09,C02,FEAT-03,40
2025-10,C03,FEAT-01,39
2025-10,C03,FEAT-02,41
2025-10,C03,FEAT-05,28
2025-11,C03,FEAT-01,16
2025-11,C03,FEAT-02,46
2025-11,C03,FEAT-05,19
2025-12,C03,FEAT-01,60
2025-12,C03,FEAT-02,38
2025-12,C03,FEAT-05,43
2026-01,C03,FEAT-01,32
2026-01,C03,FEAT-02,43
2026-01,C03,FEAT-05,22
2026-02,C03,FEAT-01,45
2026-02,C03,FEAT-02,9
2026-02,C03,FEAT-05,9
2026-03,C03,FEAT-01,60
2026-03,C03,FEAT-02,21
2026-03,C03,FEAT-05,19
2026-04,C03,FEAT-01,25
2026-04,C03,FEAT-02,42
2026-04,C03,FEAT-05,13
2026-05,C03,FEAT-01,37
2026-05,C03,FEAT-02,48
2026-05,C03,FEAT-05,25
2026-06,C03,FEAT-01,50
2026-06,C03,FEAT-02,30
2026-06,C03,FEAT-05,13
2026-06,C03,FEAT-03,47
2026-07,C03,FEAT-01,28
2026-07,C03,FEAT-02,50
2026-07,C03,FEAT-05,56
2026-07,C03,FEAT-03,40
2026-08,C03,FEAT-01,26
2026-08,C03,FEAT-02,27
2026-08,C03,FEAT-05,60
2026-08,C03,FEAT-03,47
2026-09,C03,FEAT-01,17
2026-09,C03,FEAT-02,31
2026-09,C03,FEAT-05,14
2025-10,C04,FEAT-01,13
2025-10,C04,FEAT-02,31
2025-11,C04,FEAT-01,55
2025-11,C04,FEAT-02,36
2025-12,C04,FEAT-01,26
2025-12,C04,FEAT-02,57
2026-01,C04,FEAT-01,33
2026-01,C04,FEAT-02,22
2026-02,C04,FEAT-01,26
2026-02,C04,FEAT-02,4
2026-02,C04,FEAT-03,19
2026-03,C04,FEAT-01,36
2026-03,C04,FEAT-02,6
2026-03,C04,FEAT-03,19
2026-04,C04,FEAT-01,21
2026-04,C04,FEAT-02,17
2026-04,C04,FEAT-03,10
2026-05,C04,FEAT-01,7
2026-05,C04,FEAT-02,27
2026-06,C04,FEAT-01,37
2026-06,C04,FEAT-02,28
2026-07,C04,FEAT-01,60
2026-07,C04,FEAT-02,27
2026-07,C04,FEAT-03,37
2026-08,C04,FEAT-01,7
2026-08,C04,FEAT-02,48
2026-09,C04,FEAT-01,24
2026-09,C04,FEAT-02,43
2025-10,C05,FEAT-01,30
2025-10,C05,FEAT-02,9
2025-11,C05,FEAT-01,34
2025-11,C05,FEAT-02,21
2025-12,C05,FEAT-01,27
2025-12,C05,FEAT-02,36
2026-01,C05,FEAT-01,54
2026-01,C05,FEAT-02,35
2026-02,C05,FEAT-01,21
2026-02,C05,FEAT-02,37
2026-03,C05,FEAT-01,13
2026-03,C05,FEAT-02,17
2026-04,C05,FEAT-01,14
2026-04,C05,FEAT-02,37
2026-05,C05,FEAT-01,18
2026-05,C05,FEAT-02,23
2026-05,C05,FEAT-03,36
2026-06,C05,FEAT-01,22
2026-06,C05,FEAT-02,60
2026-07,C05,FEAT-01,5
2026-07,C05,FEAT-02,50
2026-08,C05,FEAT-01,44
2026-08,C05,FEAT-02,52
2026-09,C05,FEAT-01,21
2026-09,C05,FEAT-02,56
2026-09,C05,FEAT-03,27
2025-10,C06,FEAT-01,40
2025-10,C06,FEAT-02,24
2025-11,C06,FEAT-01,48
2025-11,C06,FEAT-02,58
2025-12,C06,FEAT-01,7
2025-12,C06,FEAT-02,60
2026-01,C06,FEAT-01,36
2026-01,C06,FEAT-02,5
2026-02,C06,FEAT-01,35
2026-02,C06,FEAT-02,56
2026-03,C06,FEAT-01,59
2026-03,C06,FEAT-02,41
2026-04,C06,FEAT-01,10
2026-04,C06,FEAT-02,11
2026-04,C06,FEAT-03,17
2026-05,C06,FEAT-01,31
2026-05,C06,FEAT-02,5
2026-05,C06,FEAT-06,52
2026-06,C06,FEAT-01,29
2026-06,C06,FEAT-02,37
2026-06,C06,FEAT-03,30
2026-06,C06,FEAT-06,30
2026-07,C06,FEAT-01,50
2026-07,C06,FEAT-02,48
2026-07,C06,FEAT-03,42
2026-07,C06,FEAT-06,15
2026-08,C06,FEAT-01,53
2026-08,C06,FEAT-02,6
2026-08,C06,FEAT-03,4
2026-08,C06,FEAT-06,57
2026-09,C06,FEAT-01,25
2026-09,C06,FEAT-02,39
2026-09,C06,FEAT-03,43
2026-09,C06,FEAT-06,23
2025-10,C07,FEAT-01,55
2025-10,C07,FEAT-02,15
2025-11,C07,FEAT-01,8
2025-11,C07,FEAT-02,50
2025-12,C07,FEAT-01,53
2025-12,C07,FEAT-02,60
2026-01,C07,FEAT-01,59
2026-01,C07,FEAT-02,35
2026-02,C07,FEAT-01,5
2026-02,C07,FEAT-02,57
2026-02,C07,FEAT-03,44
2026-03,C07,FEAT-01,11
2026-03,C07,FEAT-02,58
2026-04,C07,FEAT-01,54
2026-04,C07,FEAT-02,59
2026-04,C07,FEAT-03,29
2026-05,C07,FEAT-01,35
2026-05,C07,FEAT-02,40
2026-05,C07,FEAT-03,59
2026-06,C07,FEAT-01,37
2026-06,C07,FEAT-02,17
2026-07,C07,FEAT-01,43
2026-07,C07,FEAT-02,41
2026-08,C07,FEAT-01,3
2026-08,C07,FEAT-02,32
2026-09,C07,FEAT-01,44
2026-09,C07,FEAT-02,20
2026-09,C07,FEAT-03,41
2025-10,C08,FEAT-01,22
2025-10,C08,FEAT-02,48
2025-11,C08,FEAT-01,56
2025-11,C08,FEAT-02,12
2025-12,C08,FEAT-01,4
2025-12,C08,FEAT-02,12
2026-01,C08,FEAT-01,46
2026-01,C08,FEAT-02,39
2026-02,C08,FEAT-01,36
2026-02,C08,FEAT-02,47
2026-03,C08,FEAT-01,51
2026-03,C08,FEAT-02,31
2026-04,C08,FEAT-01,59
2026-04,C08,FEAT-02,8
2026-05,C08,FEAT-01,21
2026-05,C08,FEAT-02,57
2026-06,C08,FEAT-01,29
2026-06,C08,FEAT-02,41
2026-06,C08,FEAT-03,19
2026-07,C08,FEAT-01,42
2026-07,C08,FEAT-02,58
2026-08,C08,FEAT-01,50
2026-08,C08,FEAT-02,23
2026-08,C08,FEAT-03,46
2026-09,C08,FEAT-01,21
2026-09,C08,FEAT-02,3
2025-10,C09,FEAT-01,11
2025-10,C09,FEAT-02,48
2025-10,C09,FEAT-05,36
2025-11,C09,FEAT-01,39
2025-11,C09,FEAT-02,14
2025-11,C09,FEAT-05,46
2025-12,C09,FEAT-01,49
2025-12,C09,FEAT-02,12
2025-12,C09,FEAT-05,34
2026-01,C09,FEAT-01,36
2026-01,C09,FEAT-02,59
2026-01,C09,FEAT-05,21
2026-02,C09,FEAT-01,34
2026-02,C09,FEAT-02,59
2026-02,C09,FEAT-05,30
2026-03,C09,FEAT-01,34
2026-03,C09,FEAT-02,7
2026-03,C09,FEAT-05,19
2026-04,C09,FEAT-01,35
2026-04,C09,FEAT-02,59
2026-04,C09,FEAT-05,43
2026-05,C09,FEAT-01,30
2026-05,C09,FEAT-02,18
2026-05,C09,FEAT-05,40
2026-06,C09,FEAT-01,43
2026-06,C09,FEAT-02,29
2026-06,C09,FEAT-05,22
2026-06,C09,FEAT-03,27
2026-07,C09,FEAT-01,23
2026-07,C09,FEAT-02,55
2026-07,C09,FEAT-05,51
2026-07,C09,FEAT-03,6
2026-08,C09,FEAT-01,19
2026-08,C09,FEAT-02,38
2026-08,C09,FEAT-05,8
2026-09,C09,FEAT-01,35
2026-09,C09,FEAT-02,27
2026-09,C09,FEAT-05,11
2025-10,C10,FEAT-01,7
2025-10,C10,FEAT-02,24
2025-11,C10,FEAT-01,46
2025-11,C10,FEAT-02,60
2025-12,C10,FEAT-01,13
2025-12,C10,FEAT-02,45
2026-01,C10,FEAT-01,55
2026-01,C10,FEAT-02,58
2026-02,C10,FEAT-01,18
2026-02,C10,FEAT-02,11
2026-02,C10,FEAT-03,38
2026-03,C10,FEAT-01,4
2026-03,C10,FEAT-02,40
2026-04,C10,FEAT-01,7
2026-04,C10,FEAT-02,11
2026-04,C10,FEAT-03,14
2026-05,C10,FEAT-01,24
2026-05,C10,FEAT-02,15
2026-05,C10,FEAT-03,33
2026-06,C10,FEAT-01,40
2026-06,C10,FEAT-02,16
2026-07,C10,FEAT-01,26
2026-07,C10,FEAT-02,21
2026-08,C10,FEAT-01,26
2026-08,C10,FEAT-02,14
2026-09,C10,FEAT-01,48
2026-09,C10,FEAT-02,23
2026-09,C10,FEAT-03,22
2025-10,C11,FEAT-01,14
2025-10,C11,FEAT-02,8
2025-11,C11,FEAT-01,20
2025-11,C11,FEAT-02,5
2025-12,C11,FEAT-01,53
2025-12,C11,FEAT-02,36
2026-01,C11,FEAT-01,8
2026-01,C11,FEAT-02,20
2026-02,C11,FEAT-01,48
2026-02,C11,FEAT-02,58
2026-03,C11,FEAT-01,54
2026-03,C11,FEAT-02,3
2026-03,C11,FEAT-03,60
2026-04,C11,FEAT-01,40
2026-04,C11,FEAT-02,23
2026-05,C11,FEAT-01,34
2026-05,C11,FEAT-02,54
2026-05,C11,FEAT-03,31
2026-06,C11,FEAT-01,48
2026-06,C11,FEAT-02,31
2026-06,C11,FEAT-03,44
2026-07,C11,FEAT-01,46
2026-07,C11,FEAT-02,29
2026-07,C11,FEAT-03,5
2026-08,C11,FEAT-01,40
2026-08,C11,FEAT-02,60
2026-08,C11,FEAT-03,32
2026-09,C11,FEAT-01,3
2026-09,C11,FEAT-02,5
2026-09,C11,FEAT-03,33
2025-10,C12,FEAT-01,51
2025-10,C12,FEAT-02,5
2025-11,C12,FEAT-01,16
2025-11,C12,FEAT-02,20
2025-12,C12,FEAT-01,15
2025-12,C12,FEAT-02,5
2026-01,C12,FEAT-01,21
2026-01,C12,FEAT-02,41
2026-02,C12,FEAT-01,6
2026-02,C12,FEAT-02,26
2026-03,C12,FEAT-01,43
2026-03,C12,FEAT-02,16
2026-04,C12,FEAT-01,23
2026-04,C12,FEAT-02,38
2026-04,C12,FEAT-03,28
2026-05,C12,FEAT-01,28
2026-05,C12,FEAT-02,49
2026-05,C12,FEAT-06,19
2026-06,C12,FEAT-01,6
2026-06,C12,FEAT-02,44
2026-06,C12,FEAT-06,33
2026-07,C12,FEAT-01,9
2026-07,C12,FEAT-02,3
2026-07,C12,FEAT-03,47
2026-07,C12,FEAT-06,20
2026-08,C12,FEAT-01,36
2026-08,C12,FEAT-02,48
2026-08,C12,FEAT-06,14
2026-09,C12,FEAT-01,56
2026-09,C12,FEAT-02,45
2026-09,C12,FEAT-06,21
2025-10,C13,FEAT-01,40
2025-10,C13,FEAT-02,29
2025-11,C13,FEAT-01,40
2025-11,C13,FEAT-02,23
2025-12,C13,FEAT-01,20
2025-12,C13,FEAT-02,25
2026-01,C13,FEAT-01,4
2026-01,C13,FEAT-02,14
2026-02,C13,FEAT-01,53
2026-02,C13,FEAT-02,45
2026-03,C13,FEAT-01,3
2026-03,C13,FEAT-02,20
2026-04,C13,FEAT-01,41
2026-04,C13,FEAT-02,37
2026-04,C13,FEAT-03,15
2026-05,C13,FEAT-01,42
2026-05,C13,FEAT-02,40
2026-05,C13,FEAT-03,20
2026-06,C13,FEAT-01,35
2026-06,C13,FEAT-02,56
2026-07,C13,FEAT-01,56
2026-07,C13,FEAT-02,54
2026-07,C13,FEAT-03,19
2026-08,C13,FEAT-01,26
2026-08,C13,FEAT-02,43
2026-08,C13,FEAT-03,32
2026-09,C13,FEAT-01,28
2026-09,C13,FEAT-02,58
2026-09,C13,FEAT-03,55
2025-10,C14,FEAT-01,22
2025-10,C14,FEAT-02,20
2025-11,C14,FEAT-01,42
2025-11,C14,FEAT-02,30
2025-12,C14,FEAT-01,7
2025-12,C14,FEAT-02,31
2026-01,C14,FEAT-01,35
2026-01,C14,FEAT-02,28
2026-02,C14,FEAT-01,31
2026-02,C14,FEAT-02,22
2026-03,C14,FEAT-01,31
2026-03,C14,FEAT-02,15
2026-03,C14,FEAT-03,13
2026-04,C14,FEAT-01,21
2026-04,C14,FEAT-02,28
2026-04,C14,FEAT-03,52
2026-05,C14,FEAT-01,48
2026-05,C14,FEAT-02,36
2026-05,C14,FEAT-03,26
2026-06,C14,FEAT-01,48
2026-06,C14,FEAT-02,31
2026-06,C14,FEAT-03,56
2026-07,C14,FEAT-01,46
2026-07,C14,FEAT-02,29
2026-07,C14,FEAT-03,11
2026-08,C14,FEAT-01,26
2026-08,C14,FEAT-02,46
2026-09,C14,FEAT-01,18
2026-09,C14,FEAT-02,20
2026-09,C14,FEAT-03,14
2025-10,C15,FEAT-01,40
2025-10,C15,FEAT-02,37
2025-11,C15,FEAT-01,13
2025-11,C15,FEAT-02,49
2025-12,C15,FEAT-01,39
2025-12,C15,FEAT-02,6
2026-01,C15,FEAT-01,48
2026-01,C15,FEAT-02,31
2026-02,C15,FEAT-01,28
2026-02,C15,FEAT-02,43
2026-02,C15,FEAT-03,28
2026-03,C15,FEAT-01,25
2026-03,C15,FEAT-02,48
2026-04,C15,FEAT-01,46
2026-04,C15,FEAT-02,25
2026-05,C15,FEAT-01,40
2026-05,C15,FEAT-02,40
2026-05,C15,FEAT-06,14
2026-06,C15,FEAT-01,26
2026-06,C15,FEAT-02,13
2026-06,C15,FEAT-03,51
2026-06,C15,FEAT-06,53
2026-07,C15,FEAT-01,15
2026-07,C15,FEAT-02,59
2026-07,C15,FEAT-03,10
2026-07,C15,FEAT-06,50
2026-08,C15,FEAT-01,56
2026-08,C15,FEAT-02,47
2026-08,C15,FEAT-03,5
2026-08,C15,FEAT-06,60
2026-09,C15,FEAT-01,16
2026-09,C15,FEAT-02,57
2026-09,C15,FEAT-03,9
2026-09,C15,FEAT-06,6
2025-10,C16,FEAT-01,16
2025-10,C16,FEAT-02,45
2025-11,C16,FEAT-01,36
2025-11,C16,FEAT-02,5
2025-12,C16,FEAT-01,51
2025-12,C16,FEAT-02,25
2026-01,C16,FEAT-01,54
2026-01,C16,FEAT-02,28
2026-02,C16,FEAT-01,15
2026-02,C16,FEAT-02,51
2026-02,C16,FEAT-03,33
2026-03,C16,FEAT-01,48
2026-03,C16,FEAT-02,5
2026-03,C16,FEAT-03,24
2026-04,C16,FEAT-01,5
2026-04,C16,FEAT-02,22
2026-04,C16,FEAT-03,55
2026-05,C16,FEAT-01,53
2026-05,C16,FEAT-02,18
2026-06,C16,FEAT-01,24
2026-06,C16,FEAT-02,27
2026-06,C16,FEAT-03,15
2026-07,C16,FEAT-01,40
2026-07,C16,FEAT-02,38
2026-08,C16,FEAT-01,29
2026-08,C16,FEAT-02,30
2026-09,C16,FEAT-01,48
2026-09,C16,FEAT-02,23
2026-09,C16,FEAT-03,4
2025-10,C17,FEAT-01,49
2025-10,C17,FEAT-02,5
2025-10,C17,FEAT-05,46
2025-11,C17,FEAT-01,57
2025-11,C17,FEAT-02,52
2025-11,C17,FEAT-05,10
2025-12,C17,FEAT-01,28
2025-12,C17,FEAT-02,16
2025-12,C17,FEAT-05,56
2026-01,C17,FEAT-01,51
2026-01,C17,FEAT-02,30
2026-01,C17,FEAT-05,15
2026-02,C17,FEAT-01,38
2026-02,C17,FEAT-02,27
2026-02,C17,FEAT-05,39
2026-03,C17,FEAT-01,18
2026-03,C17,FEAT-02,20
2026-03,C17,FEAT-05,31
2026-04,C17,FEAT-01,36
2026-04,C17,FEAT-02,40
2026-04,C17,FEAT-05,37
2026-05,C17,FEAT-01,19
2026-05,C17,FEAT-02,35
2026-05,C17,FEAT-05,60
2026-06,C17,FEAT-01,10
2026-06,C17,FEAT-02,50
2026-06,C17,FEAT-05,34
2026-07,C17,FEAT-01,41
2026-07,C17,FEAT-02,16
2026-07,C17,FEAT-05,14
2026-08,C17,FEAT-01,60
2026-08,C17,FEAT-02,33
2026-08,C17,FEAT-05,51
2026-08,C17,FEAT-03,42
2026-09,C17,FEAT-01,4
2026-09,C17,FEAT-02,11
2026-09,C17,FEAT-05,22
2025-10,C18,FEAT-01,23
2025-10,C18,FEAT-02,41
2025-11,C18,FEAT-01,49
2025-11,C18,FEAT-02,20
2025-12,C18,FEAT-01,5
2025-12,C18,FEAT-02,13
2026-01,C18,FEAT-01,49
2026-01,C18,FEAT-02,8
2026-02,C18,FEAT-01,43
2026-02,C18,FEAT-02,40
2026-03,C18,FEAT-01,3
2026-03,C18,FEAT-02,9
2026-04,C18,FEAT-01,55
2026-04,C18,FEAT-02,28
2026-05,C18,FEAT-01,56
2026-05,C18,FEAT-02,16
2026-06,C18,FEAT-01,47
2026-06,C18,FEAT-02,60
2026-07,C18,FEAT-01,57
2026-07,C18,FEAT-02,40
2026-08,C18,FEAT-01,45
2026-08,C18,FEAT-02,41
2026-08,C18,FEAT-03,14
2026-09,C18,FEAT-01,31
2026-09,C18,FEAT-02,47
2026-09,C18,FEAT-03,20
2025-10,C19,FEAT-01,44
2025-10,C19,FEAT-02,47
2025-11,C19,FEAT-01,3
2025-11,C19,FEAT-02,44
2025-12,C19,FEAT-01,15
2025-12,C19,FEAT-02,9
2026-01,C19,FEAT-01,31
2026-01,C19,FEAT-02,56
2026-02,C19,FEAT-01,4
2026-02,C19,FEAT-02,42
2026-02,C19,FEAT-03,21
2026-03,C19,FEAT-01,31
2026-03,C19,FEAT-02,34
2026-03,C19,FEAT-03,30
2026-04,C19,FEAT-01,4
2026-04,C19,FEAT-02,57
2026-04,C19,FEAT-03,7
2026-05,C19,FEAT-01,32
2026-05,C19,FEAT-02,50
2026-06,C19,FEAT-01,3
2026-06,C19,FEAT-02,15
2026-07,C19,FEAT-01,45
2026-07,C19,FEAT-02,5
2026-08,C19,FEAT-01,35
2026-08,C19,FEAT-02,31
2026-09,C19,FEAT-01,21
2026-09,C19,FEAT-02,23
2026-09,C19,FEAT-03,45
2025-10,C20,FEAT-01,6
2025-10,C20,FEAT-02,23
2025-11,C20,FEAT-01,34
2025-11,C20,FEAT-02,30
2025-12,C20,FEAT-01,52
2025-12,C20,FEAT-02,8
2026-01,C20,FEAT-01,3
2026-01,C20,FEAT-02,12
2026-02,C20,FEAT-01,34
2026-02,C20,FEAT-02,27
2026-03,C20,FEAT-01,42
2026-03,C20,FEAT-02,19
2026-03,C20,FEAT-03,58
2026-04,C20,FEAT-01,18
2026-04,C20,FEAT-02,36
2026-05,C20,FEAT-01,37
2026-05,C20,FEAT-02,20
2026-05,C20,FEAT-03,5
2026-06,C20,FEAT-01,32
2026-06,C20,FEAT-02,58
2026-06,C20,FEAT-03,40
2026-07,C20,FEAT-01,39
2026-07,C20,FEAT-02,13
2026-08,C20,FEAT-01,28
2026-08,C20,FEAT-02,12
2026-09,C20,FEAT-01,15
2026-09,C20,FEAT-02,30
2025-10,C21,FEAT-01,55
2025-10,C21,FEAT-02,35
2025-11,C21,FEAT-01,35
2025-11,C21,FEAT-02,34
2025-12,C21,FEAT-01,5
2025-12,C21,FEAT-02,12
2026-01,C21,FEAT-01,22
2026-01,C21,FEAT-02,60
2026-02,C21,FEAT-01,14
2026-02,C21,FEAT-02,49
2026-03,C21,FEAT-01,36
2026-03,C21,FEAT-02,38
2026-04,C21,FEAT-01,10
2026-04,C21,FEAT-02,17
2026-05,C21,FEAT-01,46
2026-05,C21,FEAT-02,47
2026-05,C21,FEAT-03,21
2026-06,C21,FEAT-01,55
2026-06,C21,FEAT-02,51
2026-06,C21,FEAT-03,5
2026-07,C21,FEAT-01,43
2026-07,C21,FEAT-02,41
2026-08,C21,FEAT-01,24
2026-08,C21,FEAT-02,46
2026-08,C21,FEAT-03,9
2026-09,C21,FEAT-01,32
2026-09,C21,FEAT-02,46
2025-10,C22,FEAT-01,11
2025-10,C22,FEAT-02,60
2025-11,C22,FEAT-01,25
2025-11,C22,FEAT-02,41
2025-12,C22,FEAT-01,18
2025-12,C22,FEAT-02,30
2026-01,C22,FEAT-01,51
2026-01,C22,FEAT-02,25
2026-02,C22,FEAT-01,36
2026-02,C22,FEAT-02,23
2026-03,C22,FEAT-01,40
2026-03,C22,FEAT-02,14
2026-04,C22,FEAT-01,52
2026-04,C22,FEAT-02,46
2026-04,C22,FEAT-03,7
2026-05,C22,FEAT-01,41
2026-05,C22,FEAT-02,42
2026-05,C22,FEAT-03,40
2026-06,C22,FEAT-01,28
2026-06,C22,FEAT-02,53
2026-07,C22,FEAT-01,36
2026-07,C22,FEAT-02,44
2026-08,C22,FEAT-01,32
2026-08,C22,FEAT-02,59
2026-09,C22,FEAT-01,45
2026-09,C22,FEAT-02,58
2025-10,C23,FEAT-01,21
2025-10,C23,FEAT-02,43
2025-11,C23,FEAT-01,30
2025-11,C23,FEAT-02,5
2025-12,C23,FEAT-01,35
2025-12,C23,FEAT-02,8
2026-01,C23,FEAT-01,51
2026-01,C23,FEAT-02,42
2026-02,C23,FEAT-01,19
2026-02,C23,FEAT-02,34
2026-03,C23,FEAT-01,35
2026-03,C23,FEAT-02,51
2026-03,C23,FEAT-03,31
2026-04,C23,FEAT-01,50
2026-04,C23,FEAT-02,39
2026-04,C23,FEAT-03,54
2026-05,C23,FEAT-01,46
2026-05,C23,FEAT-02,22
2026-06,C23,FEAT-01,6
2026-06,C23,FEAT-02,15
2026-07,C23,FEAT-01,49
2026-07,C23,FEAT-02,50
2026-08,C23,FEAT-01,38
2026-08,C23,FEAT-02,18
2026-08,C23,FEAT-03,59
2026-09,C23,FEAT-01,47
2026-09,C23,FEAT-02,55
2025-10,C24,FEAT-01,9
2025-10,C24,FEAT-02,19
2025-11,C24,FEAT-01,44
2025-11,C24,FEAT-02,30
2025-12,C24,FEAT-01,9
2025-12,C24,FEAT-02,44
2026-01,C24,FEAT-01,46
2026-01,C24,FEAT-02,31
2026-02,C24,FEAT-01,46
2026-02,C24,FEAT-02,36
2026-02,C24,FEAT-03,41
2026-03,C24,FEAT-01,47
2026-03,C24,FEAT-02,32
2026-04,C24,FEAT-01,35
2026-04,C24,FEAT-02,53
2026-05,C24,FEAT-01,7
2026-05,C24,FEAT-02,5
2026-05,C24,FEAT-03,25
2026-06,C24,FEAT-01,55
2026-06,C24,FEAT-02,11
2026-07,C24,FEAT-01,26
2026-07,C24,FEAT-02,19
2026-08,C24,FEAT-01,60
2026-08,C24,FEAT-02,31
2026-08,C24,FEAT-03,45
2026-09,C24,FEAT-01,57
2026-09,C24,FEAT-02,20
2026-09,C24,FEAT-03,37
2025-10,C25,FEAT-01,50
2025-10,C25,FEAT-02,33
2025-11,C25,FEAT-01,14
2025-11,C25,FEAT-02,48
2025-12,C25,FEAT-01,13
2025-12,C25,FEAT-02,13
2026-01,C25,FEAT-01,26
2026-01,C25,FEAT-02,17
2026-02,C25,FEAT-01,7
2026-02,C25,FEAT-02,46
2026-02,C25,FEAT-03,50
2026-03,C25,FEAT-01,21
2026-03,C25,FEAT-02,12
2026-03,C25,FEAT-03,4
2026-04,C25,FEAT-01,60
2026-04,C25,FEAT-02,26
2026-05,C25,FEAT-01,53
2026-05,C25,FEAT-02,32
2026-05,C25,FEAT-03,19
2026-06,C25,FEAT-01,48
2026-06,C25,FEAT-02,14
2026-06,C25,FEAT-03,36
2026-07,C25,FEAT-01,38
2026-07,C25,FEAT-02,24
2026-07,C25,FEAT-03,31
2026-08,C25,FEAT-01,52
2026-08,C25,FEAT-02,49
2026-09,C25,FEAT-01,25
2026-09,C25,FEAT-02,54
2025-10,C26,FEAT-01,36
2025-10,C26,FEAT-02,11
2025-11,C26,FEAT-01,36
2025-11,C26,FEAT-02,45
2025-12,C26,FEAT-01,55
2025-12,C26,FEAT-02,46
2026-01,C26,FEAT-01,31
2026-01,C26,FEAT-02,7
2026-02,C26,FEAT-01,4
2026-02,C26,FEAT-02,10
2026-02,C26,FEAT-03,24
2026-03,C26,FEAT-01,25
2026-03,C26,FEAT-02,45
2026-03,C26,FEAT-03,43
2026-04,C26,FEAT-01,8
2026-04,C26,FEAT-02,19
2026-04,C26,FEAT-03,31
2026-05,C26,FEAT-01,13
2026-05,C26,FEAT-02,33
2026-06,C26,FEAT-01,5
2026-06,C26,FEAT-02,4
2026-07,C26,FEAT-01,56
2026-07,C26,FEAT-02,60
2026-07,C26,FEAT-03,27
2026-08,C26,FEAT-01,26
2026-08,C26,FEAT-02,59
2026-08,C26,FEAT-03,42
2026-09,C26,FEAT-01,5
2026-09,C26,FEAT-02,52
2025-10,C27,FEAT-01,49
2025-10,C27,FEAT-02,28
2025-10,C27,FEAT-05,45
2025-11,C27,FEAT-01,26
2025-11,C27,FEAT-02,52
2025-11,C27,FEAT-05,16
2025-12,C27,FEAT-01,7
2025-12,C27,FEAT-02,40
2025-12,C27,FEAT-05,49
2026-01,C27,FEAT-01,53
2026-01,C27,FEAT-02,57
2026-01,C27,FEAT-05,45
2026-02,C27,FEAT-01,37
2026-02,C27,FEAT-02,40
2026-02,C27,FEAT-05,41
2026-02,C27,FEAT-03,20
2026-03,C27,FEAT-01,53
2026-03,C27,FEAT-02,50
2026-03,C27,FEAT-05,34
2026-03,C27,FEAT-03,52
2026-04,C27,FEAT-01,20
2026-04,C27,FEAT-02,22
2026-04,C27,FEAT-05,18
2026-04,C27,FEAT-03,9
2026-05,C27,FEAT-01,50
2026-05,C27,FEAT-02,28
2026-05,C27,FEAT-05,4
2026-06,C27,FEAT-01,54
2026-06,C27,FEAT-02,37
2026-06,C27,FEAT-05,44
2026-07,C27,FEAT-01,10
2026-07,C27,FEAT-02,46
2026-07,C27,FEAT-05,30
2026-08,C27,FEAT-01,31
2026-08,C27,FEAT-02,56
2026-08,C27,FEAT-05,17
2026-09,C27,FEAT-01,15
2026-09,C27,FEAT-02,44
2026-09,C27,FEAT-05,48
2026-09,C27,FEAT-03,35
2025-10,C28,FEAT-01,3
2025-10,C28,FEAT-02,13
2025-11,C28,FEAT-01,39
2025-11,C28,FEAT-02,55
2025-12,C28,FEAT-01,43
2025-12,C28,FEAT-02,51
2026-01,C28,FEAT-01,54
2026-01,C28,FEAT-02,23
2026-02,C28,FEAT-01,45
2026-02,C28,FEAT-02,54
2026-02,C28,FEAT-03,10
2026-03,C28,FEAT-01,45
2026-03,C28,FEAT-02,4
2026-03,C28,FEAT-03,58
2026-04,C28,FEAT-01,50
2026-04,C28,FEAT-02,23
2026-05,C28,FEAT-01,21
2026-05,C28,FEAT-02,12
2026-06,C28,FEAT-01,52
2026-06,C28,FEAT-02,35
2026-07,C28,FEAT-01,33
2026-07,C28,FEAT-02,20
2026-07,C28,FEAT-03,8
2026-08,C28,FEAT-01,14
2026-08,C28,FEAT-02,57
2026-08,C28,FEAT-03,3
2026-09,C28,FEAT-01,57
2026-09,C28,FEAT-02,41
2026-09,C28,FEAT-03,22
2025-10,C29,FEAT-01,60
2025-10,C29,FEAT-02,18
2025-11,C29,FEAT-01,55
2025-11,C29,FEAT-02,60
2025-12,C29,FEAT-01,48
2025-12,C29,FEAT-02,27
2026-01,C29,FEAT-01,28
2026-01,C29,FEAT-02,9
2026-02,C29,FEAT-01,22
2026-02,C29,FEAT-02,30
2026-02,C29,FEAT-03,15
2026-03,C29,FEAT-01,19
2026-03,C29,FEAT-02,33
2026-04,C29,FEAT-01,50
2026-04,C29,FEAT-02,15
2026-05,C29,FEAT-01,42
2026-05,C29,FEAT-02,14
2026-05,C29,FEAT-03,45
2026-06,C29,FEAT-01,41
2026-06,C29,FEAT-02,18
2026-06,C29,FEAT-03,57
2026-07,C29,FEAT-01,7
2026-07,C29,FEAT-02,7
2026-08,C29,FEAT-01,46
2026-08,C29,FEAT-02,53
2026-08,C29,FEAT-03,37
2026-09,C29,FEAT-01,35
2026-09,C29,FEAT-02,14
2025-10,C30,FEAT-01,39
2025-10,C30,FEAT-02,53
2025-11,C30,FEAT-01,5
2025-11,C30,FEAT-02,32
2025-12,C30,FEAT-01,48
2025-12,C30,FEAT-02,24
2026-01,C30,FEAT-01,55
2026-01,C30,FEAT-02,17
2026-02,C30,FEAT-01,28
2026-02,C30,FEAT-02,27
2026-02,C30,FEAT-03,38
2026-03,C30,FEAT-01,60
2026-03,C30,FEAT-02,6
2026-04,C30,FEAT-01,3
2026-04,C30,FEAT-02,32
2026-05,C30,FEAT-01,6
2026-05,C30,FEAT-02,46
2026-06,C30,FEAT-01,52
2026-06,C30,FEAT-02,44
2026-07,C30,FEAT-01,56
2026-07,C30,FEAT-02,19
2026-07,C30,FEAT-03,21
2026-08,C30,FEAT-01,14
2026-08,C30,FEAT-02,30
2026-08,C30,FEAT-03,40
2026-09,C30,FEAT-01,22
2026-09,C30,FEAT-02,23
2025-10,C31,FEAT-01,44
2025-10,C31,FEAT-02,37
2025-11,C31,FEAT-01,9
2025-11,C31,FEAT-02,11
2025-12,C31,FEAT-01,24
2025-12,C31,FEAT-02,36
2026-01,C31,FEAT-01,4
2026-01,C31,FEAT-02,48
2026-02,C31,FEAT-01,60
2026-02,C31,FEAT-02,30
2026-03,C31,FEAT-01,53
2026-03,C31,FEAT-02,26
2026-04,C31,FEAT-01,41
2026-04,C31,FEAT-02,36
2026-04,C31,FEAT-03,11
2026-05,C31,FEAT-01,49
2026-05,C31,FEAT-02,44
2026-06,C31,FEAT-01,30
2026-06,C31,FEAT-02,35
2026-06,C31,FEAT-03,26
2026-07,C31,FEAT-01,9
2026-07,C31,FEAT-02,15
2026-08,C31,FEAT-01,51
2026-08,C31,FEAT-02,35
2026-09,C31,FEAT-01,6
2026-09,C31,FEAT-02,24
2026-09,C31,FEAT-03,17
2025-10,C32,FEAT-01,20
2025-10,C32,FEAT-02,46
2025-11,C32,FEAT-01,29
2025-11,C32,FEAT-02,20
2025-12,C32,FEAT-01,33
2025-12,C32,FEAT-02,10
2026-01,C32,FEAT-01,37
2026-01,C32,FEAT-02,17
2026-02,C32,FEAT-01,37
2026-02,C32,FEAT-02,41
2026-03,C32,FEAT-01,36
2026-03,C32,FEAT-02,7
2026-03,C32,FEAT-03,47
2026-04,C32,FEAT-01,4
2026-04,C32,FEAT-02,57
2026-04,C32,FEAT-03,26
2026-05,C32,FEAT-01,60
2026-05,C32,FEAT-02,51
2026-05,C32,FEAT-03,24
2026-06,C32,FEAT-01,4
2026-06,C32,FEAT-02,34
2026-06,C32,FEAT-03,42
2026-07,C32,FEAT-01,55
2026-07,C32,FEAT-02,10
2026-08,C32,FEAT-01,46
2026-08,C32,FEAT-02,23
2026-08,C32,FEAT-03,26
2026-09,C32,FEAT-01,59
2026-09,C32,FEAT-02,60
2025-10,C33,FEAT-01,47
2025-10,C33,FEAT-02,49
2025-11,C33,FEAT-01,50
2025-11,C33,FEAT-02,57
2025-12,C33,FEAT-01,38
2025-12,C33,FEAT-02,53
2026-01,C33,FEAT-01,19
2026-01,C33,FEAT-02,52
2026-02,C33,FEAT-01,57
2026-02,C33,FEAT-02,33
2026-03,C33,FEAT-01,57
2026-03,C33,FEAT-02,52
2026-04,C33,FEAT-01,34
2026-04,C33,FEAT-02,50
2026-04,C33,FEAT-03,59
2026-05,C33,FEAT-01,19
2026-05,C33,FEAT-02,30
2026-06,C33,FEAT-01,47
2026-06,C33,FEAT-02,28
2026-07,C33,FEAT-01,40
2026-07,C33,FEAT-02,14
2026-07,C33,FEAT-03,47
2026-08,C33,FEAT-01,9
2026-08,C33,FEAT-02,33
2026-09,C33,FEAT-01,46
2026-09,C33,FEAT-02,20
2026-09,C33,FEAT-03,37
2025-10,C34,FEAT-01,52
2025-10,C34,FEAT-02,9
2025-11,C34,FEAT-01,28
2025-11,C34,FEAT-02,39
2025-12,C34,FEAT-01,45
2025-12,C34,FEAT-02,18
2026-01,C34,FEAT-01,33
2026-01,C34,FEAT-02,30
2026-02,C34,FEAT-01,45
2026-02,C34,FEAT-02,53
2026-02,C34,FEAT-03,14
2026-03,C34,FEAT-01,23
2026-03,C34,FEAT-02,40
2026-03,C34,FEAT-03,38
2026-04,C34,FEAT-01,30
2026-04,C34,FEAT-02,12
2026-05,C34,FEAT-01,53
2026-05,C34,FEAT-02,27
2026-06,C34,FEAT-01,37
2026-06,C34,FEAT-02,27
2026-06,C34,FEAT-03,35
2026-07,C34,FEAT-01,37
2026-07,C34,FEAT-02,16
2026-08,C34,FEAT-01,6
2026-08,C34,FEAT-02,32
2026-08,C34,FEAT-03,27
2026-09,C34,FEAT-01,52
2026-09,C34,FEAT-02,56
2025-10,C35,FEAT-01,45
2025-10,C35,FEAT-02,9
2025-11,C35,FEAT-01,40
2025-11,C35,FEAT-02,55
2025-12,C35,FEAT-01,34
2025-12,C35,FEAT-02,59
2026-01,C35,FEAT-01,56
2026-01,C35,FEAT-02,7
2026-02,C35,FEAT-01,50
2026-02,C35,FEAT-02,58
2026-02,C35,FEAT-03,40
2026-03,C35,FEAT-01,28
2026-03,C35,FEAT-02,60
2026-04,C35,FEAT-01,37
2026-04,C35,FEAT-02,57
2026-04,C35,FEAT-03,44
2026-05,C35,FEAT-01,52
2026-05,C35,FEAT-02,42
2026-05,C35,FEAT-03,24
2026-06,C35,FEAT-01,13
2026-06,C35,FEAT-02,3
2026-06,C35,FEAT-03,29
2026-07,C35,FEAT-01,16
2026-07,C35,FEAT-02,19
2026-08,C35,FEAT-01,10
2026-08,C35,FEAT-02,57
2026-08,C35,FEAT-03,58
2026-09,C35,FEAT-01,10
2026-09,C35,FEAT-02,56
2026-09,C35,FEAT-03,22
2025-10,C36,FEAT-01,3
2025-10,C36,FEAT-02,58
2025-11,C36,FEAT-01,47
2025-11,C36,FEAT-02,48
2025-12,C36,FEAT-01,19
2025-12,C36,FEAT-02,48
2026-01,C36,FEAT-01,15
2026-01,C36,FEAT-02,8
2026-02,C36,FEAT-01,50
2026-02,C36,FEAT-02,27
2026-03,C36,FEAT-01,45
2026-03,C36,FEAT-02,23
2026-04,C36,FEAT-01,37
2026-04,C36,FEAT-02,46
2026-05,C36,FEAT-01,55
2026-05,C36,FEAT-02,8
2026-06,C36,FEAT-01,60
2026-06,C36,FEAT-02,47
2026-06,C36,FEAT-03,12
2026-07,C36,FEAT-01,23
2026-07,C36,FEAT-02,48
2026-08,C36,FEAT-01,7
2026-08,C36,FEAT-02,10
2026-08,C36,FEAT-03,7
2026-09,C36,FEAT-01,24
2026-09,C36,FEAT-02,41
2025-10,C37,FEAT-01,47
2025-10,C37,FEAT-02,8
2025-11,C37,FEAT-01,17
2025-11,C37,FEAT-02,42
2025-12,C37,FEAT-01,26
2025-12,C37,FEAT-02,52
2026-01,C37,FEAT-01,20
2026-01,C37,FEAT-02,56
2026-02,C37,FEAT-01,36
2026-02,C37,FEAT-02,8
2026-03,C37,FEAT-01,42
2026-03,C37,FEAT-02,11
2026-03,C37,FEAT-03,37
2026-04,C37,FEAT-01,51
2026-04,C37,FEAT-02,23
2026-05,C37,FEAT-01,10
2026-05,C37,FEAT-02,37
2026-06,C37,FEAT-01,43
2026-06,C37,FEAT-02,47
2026-07,C37,FEAT-01,53
2026-07,C37,FEAT-02,9
2026-08,C37,FEAT-01,55
2026-08,C37,FEAT-02,22
2026-08,C37,FEAT-03,25
2026-09,C37,FEAT-01,50
2026-09,C37,FEAT-02,33
2025-10,C38,FEAT-01,6
2025-10,C38,FEAT-02,47
2025-11,C38,FEAT-01,29
2025-11,C38,FEAT-02,5
2025-12,C38,FEAT-01,22
2025-12,C38,FEAT-02,24
2026-01,C38,FEAT-01,30
2026-01,C38,FEAT-02,4
2026-02,C38,FEAT-01,38
2026-02,C38,FEAT-02,46
2026-02,C38,FEAT-03,38
2026-03,C38,FEAT-01,17
2026-03,C38,FEAT-02,40
2026-04,C38,FEAT-01,23
2026-04,C38,FEAT-02,57
2026-05,C38,FEAT-01,59
2026-05,C38,FEAT-02,48
2026-06,C38,FEAT-01,21
2026-06,C38,FEAT-02,52
2026-07,C38,FEAT-01,8
2026-07,C38,FEAT-02,47
2026-08,C38,FEAT-01,52
2026-08,C38,FEAT-02,19
2026-08,C38,FEAT-03,14
2026-09,C38,FEAT-01,59
2026-09,C38,FEAT-02,32
2025-10,C39,FEAT-01,59
2025-10,C39,FEAT-02,41
2025-11,C39,FEAT-01,18
2025-11,C39,FEAT-02,31
2025-12,C39,FEAT-01,38
2025-12,C39,FEAT-02,46
2026-01,C39,FEAT-01,6
2026-01,C39,FEAT-02,17
2026-02,C39,FEAT-01,19
2026-02,C39,FEAT-02,45
2026-02,C39,FEAT-03,30
2026-03,C39,FEAT-01,24
2026-03,C39,FEAT-02,40
2026-03,C39,FEAT-03,57
2026-04,C39,FEAT-01,10
2026-04,C39,FEAT-02,30
2026-05,C39,FEAT-01,35
2026-05,C39,FEAT-02,26
2026-06,C39,FEAT-01,12
2026-06,C39,FEAT-02,58
2026-07,C39,FEAT-01,32
2026-07,C39,FEAT-02,21
2026-07,C39,FEAT-03,48
2026-08,C39,FEAT-01,42
2026-08,C39,FEAT-02,54
2026-09,C39,FEAT-01,58
2026-09,C39,FEAT-02,44
2025-10,C40,FEAT-01,10
2025-10,C40,FEAT-02,45
2025-11,C40,FEAT-01,35
2025-11,C40,FEAT-02,51
2025-12,C40,FEAT-01,49
2025-12,C40,FEAT-02,54
2026-01,C40,FEAT-01,41
2026-01,C40,FEAT-02,49
2026-02,C40,FEAT-01,46
2026-02,C40,FEAT-02,29
2026-03,C40,FEAT-01,43
2026-03,C40,FEAT-02,23
2026-04,C40,FEAT-01,14
2026-04,C40,FEAT-02,53
2026-05,C40,FEAT-01,23
2026-05,C40,FEAT-02,52
2026-05,C40,FEAT-03,23
2026-06,C40,FEAT-01,18
2026-06,C40,FEAT-02,8
2026-06,C40,FEAT-03,31
2026-07,C40,FEAT-01,58
2026-07,C40,FEAT-02,59
2026-08,C40,FEAT-01,20
2026-08,C40,FEAT-02,42
2026-08,C40,FEAT-03,30
2026-09,C40,FEAT-01,41
2026-09,C40,FEAT-02,53
2026-09,C40,FEAT-03,30
