outlet_id,account_id,kota,mode_offline_aktif
C01-O01,C01,Surabaya,tidak
C01-O02,C01,Surabaya,tidak
C01-O03,C01,Surabaya,tidak
C01-O04,C01,Surabaya,tidak
C01-O05,C01,Surabaya,tidak
C01-O06,C01,Surabaya,tidak
C01-O07,C01,Surabaya,tidak
C01-O08,C01,Surabaya,tidak
C01-O09,C01,Surabaya,tidak
C01-O10,C01,Surabaya,tidak
C01-O11,C01,Surabaya,tidak
C01-O12,C01,Surabaya,tidak
C01-O13,C01,Surabaya,tidak
C01-O14,C01,Surabaya,tidak
C01-O15,C01,Surabaya,tidak
C01-O16,C01,Surabaya,tidak
C01-O17,C01,Surabaya,tidak
C01-O18,C01,Surabaya,tidak
C01-O19,C01,Surabaya,tidak
C01-O20,C01,Surabaya,tidak
C01-O21,C01,Surabaya,tidak
C01-O22,C01,Surabaya,tidak
C01-O23,C01,Surabaya,tidak
C01-O24,C01,Surabaya,tidak
C01-O25,C01,Surabaya,tidak
C01-O26,C01,Surabaya,tidak
C01-O27,C01,Surabaya,tidak
C01-O28,C01,Surabaya,tidak
C01-O29,C01,Surabaya,tidak
C01-O30,C01,Surabaya,ya
C01-O31,C01,Surabaya,tidak
C01-O32,C01,Surabaya,tidak
C01-O33,C01,Surabaya,tidak
C01-O34,C01,Surabaya,tidak
C01-O35,C01,Surabaya,tidak
C01-O36,C01,Surabaya,tidak
C01-O37,C01,Surabaya,tidak
C01-O38,C01,Surabaya,tidak
C01-O39,C01,Surabaya,tidak
C01-O40,C01,Surabaya,tidak
C01-O41,C01,Surabaya,tidak
C01-O42,C01,Surabaya,tidak
C02-O01,C02,Sidoarjo,tidak
C02-O02,C02,Sidoarjo,tidak
C02-O03,C02,Sidoarjo,tidak
C02-O04,C02,Sidoarjo,tidak
C02-O05,C02,Sidoarjo,tidak
C02-O06,C02,Sidoarjo,tidak
C02-O07,C02,Sidoarjo,tidak
C02-O08,C02,Sidoarjo,tidak
C02-O09,C02,Sidoarjo,tidak
C02-O10,C02,Sidoarjo,tidak
C02-O11,C02,Sidoarjo,tidak
C02-O12,C02,Sidoarjo,tidak
C02-O13,C02,Sidoarjo,tidak
C02-O14,C02,Sidoarjo,tidak
C02-O15,C02,Sidoarjo,tidak
C02-O16,C02,Sidoarjo,tidak
C02-O17,C02,Sidoarjo,tidak
C02-O18,C02,Sidoarjo,tidak
C02-O19,C02,Sidoarjo,tidak
C02-O20,C02,Sidoarjo,tidak
C02-O21,C02,Sidoarjo,tidak
C02-O22,C02,Sidoarjo,tidak
C02-O23,C02,Sidoarjo,tidak
C02-O24,C02,Sidoarjo,tidak
C02-O25,C02,Sidoarjo,tidak
C03-O01,C03,Surabaya,ya
C03-O02,C03,Surabaya,ya
C03-O03,C03,Surabaya,ya
C03-O04,C03,Surabaya,ya
C03-O05,C03,Surabaya,ya
C03-O06,C03,Surabaya,ya
C03-O07,C03,Surabaya,tidak
C03-O08,C03,Surabaya,tidak
C03-O09,C03,Surabaya,tidak
C03-O10,C03,Surabaya,tidak
C03-O11,C03,Surabaya,tidak
C03-O12,C03,Surabaya,tidak
C03-O13,C03,Surabaya,tidak
C03-O14,C03,Surabaya,tidak
C03-O15,C03,Surabaya,tidak
C03-O16,C03,Surabaya,tidak
C03-O17,C03,Surabaya,tidak
C03-O18,C03,Surabaya,tidak
C04-O01,C04,Malang,tidak
C04-O02,C04,Malang,tidak
C04-O03,C04,Malang,tidak
C04-O04,C04,Malang,tidak
C04-O05,C04,Malang,tidak
C04-O06,C04,Malang,tidak
C04-O07,C04,Malang,tidak
C04-O08,C04,Malang,tidak
C05-O01,C05,Gresik,ya
C05-O02,C05,Gresik,ya
C05-O03,C05,Gresik,ya
C05-O04,C05,Gresik,ya
C05-O05,C05,Gresik,ya
C05-O06,C05,Gresik,tidak
C05-O07,C05,Gresik,tidak
C05-O08,C05,Gresik,tidak
C05-O09,C05,Gresik,tidak
C05-O10,C05,Gresik,tidak
C05-O11,C05,Gresik,tidak
C05-O12,C05,Gresik,tidak
C05-O13,C05,Gresik,tidak
C05-O14,C05,Gresik,tidak
C05-O15,C05,Gresik,tidak
C05-O16,C05,Gresik,tidak
C05-O17,C05,Gresik,tidak
C05-O18,C05,Gresik,tidak
C05-O19,C05,Gresik,tidak
C05-O20,C05,Gresik,tidak
C05-O21,C05,Gresik,tidak
C05-O22,C05,Gresik,tidak
C05-O23,C05,Gresik,tidak
C05-O24,C05,Gresik,tidak
C06-O01,C06,Surabaya,tidak
C06-O02,C06,Surabaya,tidak
C06-O03,C06,Surabaya,tidak
C06-O04,C06,Surabaya,tidak
C06-O05,C06,Surabaya,tidak
C06-O06,C06,Surabaya,tidak
C06-O07,C06,Surabaya,tidak
C06-O08,C06,Surabaya,tidak
C06-O09,C06,Surabaya,tidak
C06-O10,C06,Surabaya,tidak
C06-O11,C06,Surabaya,tidak
C06-O12,C06,Surabaya,tidak
C06-O13,C06,Surabaya,tidak
C06-O14,C06,Surabaya,tidak
C06-O15,C06,Surabaya,tidak
C06-O16,C06,Surabaya,tidak
C06-O17,C06,Surabaya,tidak
C06-O18,C06,Surabaya,tidak
C06-O19,C06,Surabaya,tidak
C06-O20,C06,Surabaya,tidak
C06-O21,C06,Surabaya,tidak
C06-O22,C06,Surabaya,tidak
C06-O23,C06,Surabaya,tidak
C06-O24,C06,Surabaya,tidak
C06-O25,C06,Surabaya,tidak
C06-O26,C06,Surabaya,tidak
C06-O27,C06,Surabaya,tidak
C06-O28,C06,Surabaya,tidak
C06-O29,C06,Surabaya,tidak
C06-O30,C06,Surabaya,ya
C07-O01,C07,Surabaya,tidak
C07-O02,C07,Surabaya,tidak
C07-O03,C07,Surabaya,tidak
C07-O04,C07,Surabaya,tidak
C07-O05,C07,Surabaya,tidak
C07-O06,C07,Surabaya,tidak
C07-O07,C07,Surabaya,tidak
C07-O08,C07,Surabaya,tidak
C07-O09,C07,Surabaya,tidak
C07-O10,C07,Surabaya,tidak
C07-O11,C07,Surabaya,tidak
C07-O12,C07,Surabaya,tidak
C07-O13,C07,Surabaya,tidak
C07-O14,C07,Surabaya,tidak
C07-O15,C07,Surabaya,tidak
C07-O16,C07,Surabaya,tidak
C07-O17,C07,Surabaya,tidak
C07-O18,C07,Surabaya,tidak
C07-O19,C07,Surabaya,tidak
C07-O20,C07,Surabaya,tidak
C07-O21,C07,Surabaya,tidak
C08-O01,C08,Gresik,tidak
C08-O02,C08,Gresik,tidak
C08-O03,C08,Gresik,tidak
C08-O04,C08,Gresik,tidak
C08-O05,C08,Gresik,tidak
C08-O06,C08,Gresik,tidak
C08-O07,C08,Gresik,tidak
C08-O08,C08,Gresik,tidak
C08-O09,C08,Gresik,tidak
C08-O10,C08,Gresik,tidak
C08-O11,C08,Gresik,tidak
C08-O12,C08,Gresik,tidak
C08-O13,C08,Gresik,tidak
C08-O14,C08,Gresik,tidak
C09-O01,C09,Jember,tidak
C09-O02,C09,Jember,tidak
C09-O03,C09,Jember,tidak
C09-O04,C09,Jember,tidak
C09-O05,C09,Jember,tidak
C09-O06,C09,Jember,tidak
C09-O07,C09,Jember,tidak
C09-O08,C09,Jember,tidak
C09-O09,C09,Jember,tidak
C09-O10,C09,Jember,tidak
C09-O11,C09,Jember,tidak
C09-O12,C09,Jember,tidak
C09-O13,C09,Jember,tidak
C09-O14,C09,Jember,tidak
C09-O15,C09,Jember,tidak
C10-O01,C10,Mojokerto,tidak
C10-O02,C10,Mojokerto,ya
C10-O03,C10,Mojokerto,ya
C10-O04,C10,Mojokerto,tidak
C10-O05,C10,Mojokerto,tidak
C10-O06,C10,Mojokerto,tidak
C10-O07,C10,Mojokerto,tidak
C10-O08,C10,Mojokerto,tidak
C10-O09,C10,Mojokerto,tidak
C10-O10,C10,Mojokerto,tidak
C10-O11,C10,Mojokerto,tidak
C10-O12,C10,Mojokerto,tidak
C10-O13,C10,Mojokerto,tidak
C10-O14,C10,Mojokerto,tidak
C10-O15,C10,Mojokerto,tidak
C10-O16,C10,Mojokerto,tidak
C10-O17,C10,Mojokerto,tidak
C10-O18,C10,Mojokerto,tidak
C10-O19,C10,Mojokerto,tidak
C10-O20,C10,Mojokerto,tidak
C10-O21,C10,Mojokerto,tidak
C11-O01,C11,Sidoarjo,tidak
C11-O02,C11,Sidoarjo,tidak
C11-O03,C11,Sidoarjo,tidak
C11-O04,C11,Sidoarjo,tidak
C11-O05,C11,Sidoarjo,tidak
C11-O06,C11,Sidoarjo,tidak
C11-O07,C11,Sidoarjo,tidak
C11-O08,C11,Sidoarjo,tidak
C11-O09,C11,Sidoarjo,tidak
C11-O10,C11,Sidoarjo,tidak
C11-O11,C11,Sidoarjo,tidak
C11-O12,C11,Sidoarjo,tidak
C11-O13,C11,Sidoarjo,tidak
C11-O14,C11,Sidoarjo,tidak
C11-O15,C11,Sidoarjo,tidak
C11-O16,C11,Sidoarjo,tidak
C11-O17,C11,Sidoarjo,tidak
C11-O18,C11,Sidoarjo,tidak
C11-O19,C11,Sidoarjo,tidak
C11-O20,C11,Sidoarjo,tidak
C11-O21,C11,Sidoarjo,tidak
C11-O22,C11,Sidoarjo,tidak
C12-O01,C12,Surabaya,tidak
C12-O02,C12,Surabaya,tidak
C12-O03,C12,Surabaya,tidak
C12-O04,C12,Surabaya,tidak
C12-O05,C12,Surabaya,tidak
C12-O06,C12,Surabaya,tidak
C12-O07,C12,Surabaya,tidak
C12-O08,C12,Surabaya,ya
C12-O09,C12,Surabaya,tidak
C12-O10,C12,Surabaya,tidak
C12-O11,C12,Surabaya,tidak
C12-O12,C12,Surabaya,tidak
C12-O13,C12,Surabaya,tidak
C12-O14,C12,Surabaya,tidak
C12-O15,C12,Surabaya,tidak
C12-O16,C12,Surabaya,tidak
C12-O17,C12,Surabaya,tidak
C12-O18,C12,Surabaya,tidak
C12-O19,C12,Surabaya,tidak
C12-O20,C12,Surabaya,tidak
C12-O21,C12,Surabaya,tidak
C12-O22,C12,Surabaya,tidak
C12-O23,C12,Surabaya,tidak
C12-O24,C12,Surabaya,tidak
C13-O01,C13,Gresik,tidak
C13-O02,C13,Gresik,tidak
C13-O03,C13,Gresik,tidak
C13-O04,C13,Gresik,tidak
C13-O05,C13,Gresik,tidak
C13-O06,C13,Gresik,tidak
C13-O07,C13,Gresik,tidak
C13-O08,C13,Gresik,tidak
C13-O09,C13,Gresik,tidak
C13-O10,C13,Gresik,tidak
C13-O11,C13,Gresik,tidak
C13-O12,C13,Gresik,tidak
C13-O13,C13,Gresik,tidak
C13-O14,C13,Gresik,tidak
C13-O15,C13,Gresik,tidak
C13-O16,C13,Gresik,tidak
C13-O17,C13,Gresik,tidak
C14-O01,C14,Pasuruan,tidak
C14-O02,C14,Pasuruan,tidak
C14-O03,C14,Pasuruan,tidak
C14-O04,C14,Pasuruan,tidak
C14-O05,C14,Pasuruan,tidak
C14-O06,C14,Pasuruan,tidak
C14-O07,C14,Pasuruan,tidak
C14-O08,C14,Pasuruan,tidak
C15-O01,C15,Malang,tidak
C15-O02,C15,Malang,tidak
C15-O03,C15,Malang,tidak
C15-O04,C15,Malang,tidak
C15-O05,C15,Malang,tidak
C15-O06,C15,Malang,tidak
C15-O07,C15,Malang,tidak
C15-O08,C15,Malang,tidak
C15-O09,C15,Malang,tidak
C15-O10,C15,Malang,tidak
C15-O11,C15,Malang,tidak
C15-O12,C15,Malang,tidak
C15-O13,C15,Malang,ya
C15-O14,C15,Malang,tidak
C15-O15,C15,Malang,tidak
C15-O16,C15,Malang,tidak
C15-O17,C15,Malang,tidak
C15-O18,C15,Malang,tidak
C15-O19,C15,Malang,tidak
C15-O20,C15,Malang,ya
C15-O21,C15,Malang,tidak
C15-O22,C15,Malang,tidak
C15-O23,C15,Malang,tidak
C16-O01,C16,Jember,tidak
C16-O02,C16,Jember,tidak
C16-O03,C16,Jember,tidak
C16-O04,C16,Jember,tidak
C16-O05,C16,Jember,tidak
C16-O06,C16,Jember,tidak
C16-O07,C16,Jember,tidak
C16-O08,C16,Jember,tidak
C17-O01,C17,Mojokerto,tidak
C17-O02,C17,Mojokerto,tidak
C17-O03,C17,Mojokerto,tidak
C17-O04,C17,Mojokerto,tidak
C17-O05,C17,Mojokerto,tidak
C17-O06,C17,Mojokerto,tidak
C17-O07,C17,Mojokerto,tidak
C17-O08,C17,Mojokerto,tidak
C17-O09,C17,Mojokerto,tidak
C17-O10,C17,Mojokerto,tidak
C18-O01,C18,Malang,tidak
C18-O02,C18,Malang,tidak
C18-O03,C18,Malang,tidak
C18-O04,C18,Malang,tidak
C18-O05,C18,Malang,ya
C18-O06,C18,Malang,tidak
C18-O07,C18,Malang,tidak
C18-O08,C18,Malang,tidak
C19-O01,C19,Pasuruan,tidak
C19-O02,C19,Pasuruan,tidak
C19-O03,C19,Pasuruan,ya
C19-O04,C19,Pasuruan,tidak
C19-O05,C19,Pasuruan,tidak
C19-O06,C19,Pasuruan,tidak
C19-O07,C19,Pasuruan,tidak
C19-O08,C19,Pasuruan,tidak
C20-O01,C20,Gresik,tidak
C20-O02,C20,Gresik,tidak
C20-O03,C20,Gresik,tidak
C20-O04,C20,Gresik,tidak
C20-O05,C20,Gresik,tidak
C21-O01,C21,Kediri,tidak
C21-O02,C21,Kediri,tidak
C21-O03,C21,Kediri,tidak
C21-O04,C21,Kediri,tidak
C21-O05,C21,Kediri,tidak
C21-O06,C21,Kediri,tidak
C21-O07,C21,Kediri,tidak
C21-O08,C21,Kediri,tidak
C21-O09,C21,Kediri,tidak
C22-O01,C22,Gresik,tidak
C22-O02,C22,Gresik,tidak
C22-O03,C22,Gresik,tidak
C22-O04,C22,Gresik,tidak
C22-O05,C22,Gresik,tidak
C22-O06,C22,Gresik,tidak
C22-O07,C22,Gresik,tidak
C22-O08,C22,Gresik,tidak
C22-O09,C22,Gresik,tidak
C22-O10,C22,Gresik,tidak
C22-O11,C22,Gresik,tidak
C22-O12,C22,Gresik,tidak
C22-O13,C22,Gresik,tidak
C22-O14,C22,Gresik,tidak
C22-O15,C22,Gresik,tidak
C22-O16,C22,Gresik,tidak
C22-O17,C22,Gresik,tidak
C22-O18,C22,Gresik,tidak
C23-O01,C23,Mojokerto,tidak
C23-O02,C23,Mojokerto,ya
C23-O03,C23,Mojokerto,tidak
C23-O04,C23,Mojokerto,tidak
C23-O05,C23,Mojokerto,tidak
C23-O06,C23,Mojokerto,tidak
C24-O01,C24,Pasuruan,tidak
C24-O02,C24,Pasuruan,tidak
C24-O03,C24,Pasuruan,tidak
C24-O04,C24,Pasuruan,tidak
C24-O05,C24,Pasuruan,tidak
C24-O06,C24,Pasuruan,tidak
C24-O07,C24,Pasuruan,tidak
C24-O08,C24,Pasuruan,tidak
C24-O09,C24,Pasuruan,tidak
C24-O10,C24,Pasuruan,tidak
C25-O01,C25,Gresik,tidak
C25-O02,C25,Gresik,tidak
C25-O03,C25,Gresik,tidak
C25-O04,C25,Gresik,tidak
C25-O05,C25,Gresik,tidak
C25-O06,C25,Gresik,tidak
C25-O07,C25,Gresik,tidak
C25-O08,C25,Gresik,tidak
C25-O09,C25,Gresik,tidak
C25-O10,C25,Gresik,ya
C25-O11,C25,Gresik,tidak
C25-O12,C25,Gresik,tidak
C25-O13,C25,Gresik,tidak
C25-O14,C25,Gresik,tidak
C25-O15,C25,Gresik,tidak
C26-O01,C26,Mojokerto,tidak
C26-O02,C26,Mojokerto,tidak
C26-O03,C26,Mojokerto,tidak
C26-O04,C26,Mojokerto,tidak
C26-O05,C26,Mojokerto,tidak
C26-O06,C26,Mojokerto,tidak
C26-O07,C26,Mojokerto,tidak
C26-O08,C26,Mojokerto,tidak
C26-O09,C26,Mojokerto,tidak
C26-O10,C26,Mojokerto,tidak
C27-O01,C27,Jember,tidak
C27-O02,C27,Jember,tidak
C27-O03,C27,Jember,tidak
C27-O04,C27,Jember,tidak
C27-O05,C27,Jember,tidak
C27-O06,C27,Jember,tidak
C27-O07,C27,Jember,tidak
C27-O08,C27,Jember,tidak
C27-O09,C27,Jember,tidak
C27-O10,C27,Jember,tidak
C27-O11,C27,Jember,tidak
C27-O12,C27,Jember,tidak
C27-O13,C27,Jember,tidak
C27-O14,C27,Jember,tidak
C27-O15,C27,Jember,tidak
C27-O16,C27,Jember,tidak
C27-O17,C27,Jember,tidak
C27-O18,C27,Jember,tidak
C27-O19,C27,Jember,tidak
C27-O20,C27,Jember,tidak
C27-O21,C27,Jember,tidak
C27-O22,C27,Jember,tidak
C28-O01,C28,Malang,tidak
C28-O02,C28,Malang,tidak
C28-O03,C28,Malang,tidak
C28-O04,C28,Malang,tidak
C28-O05,C28,Malang,tidak
C28-O06,C28,Malang,ya
C28-O07,C28,Malang,tidak
C28-O08,C28,Malang,tidak
C28-O09,C28,Malang,tidak
C28-O10,C28,Malang,tidak
C28-O11,C28,Malang,ya
C28-O12,C28,Malang,tidak
C29-O01,C29,Malang,tidak
C29-O02,C29,Malang,tidak
C29-O03,C29,Malang,tidak
C29-O04,C29,Malang,tidak
C29-O05,C29,Malang,tidak
C29-O06,C29,Malang,tidak
C29-O07,C29,Malang,tidak
C29-O08,C29,Malang,tidak
C29-O09,C29,Malang,tidak
C29-O10,C29,Malang,tidak
C29-O11,C29,Malang,tidak
C29-O12,C29,Malang,tidak
C30-O01,C30,Kediri,tidak
C30-O02,C30,Kediri,tidak
C30-O03,C30,Kediri,tidak
C30-O04,C30,Kediri,tidak
C30-O05,C30,Kediri,tidak
C30-O06,C30,Kediri,tidak
C30-O07,C30,Kediri,tidak
C30-O08,C30,Kediri,tidak
C30-O09,C30,Kediri,tidak
C30-O10,C30,Kediri,tidak
C30-O11,C30,Kediri,tidak
C30-O12,C30,Kediri,tidak
C30-O13,C30,Kediri,tidak
C30-O14,C30,Kediri,tidak
C30-O15,C30,Kediri,tidak
C30-O16,C30,Kediri,tidak
C30-O17,C30,Kediri,tidak
C31-O01,C31,Gresik,tidak
C31-O02,C31,Gresik,tidak
C31-O03,C31,Gresik,tidak
C31-O04,C31,Gresik,tidak
C31-O05,C31,Gresik,tidak
C31-O06,C31,Gresik,tidak
C31-O07,C31,Gresik,tidak
C31-O08,C31,Gresik,tidak
C31-O09,C31,Gresik,tidak
C31-O10,C31,Gresik,tidak
C31-O11,C31,Gresik,tidak
C31-O12,C31,Gresik,tidak
C31-O13,C31,Gresik,tidak
C32-O01,C32,Kediri,tidak
C32-O02,C32,Kediri,tidak
C32-O03,C32,Kediri,tidak
C32-O04,C32,Kediri,tidak
C32-O05,C32,Kediri,tidak
C32-O06,C32,Kediri,tidak
C32-O07,C32,Kediri,tidak
C32-O08,C32,Kediri,tidak
C32-O09,C32,Kediri,tidak
C32-O10,C32,Kediri,tidak
C32-O11,C32,Kediri,tidak
C32-O12,C32,Kediri,tidak
C32-O13,C32,Kediri,tidak
C32-O14,C32,Kediri,tidak
C33-O01,C33,Malang,tidak
C33-O02,C33,Malang,tidak
C33-O03,C33,Malang,tidak
C33-O04,C33,Malang,tidak
C34-O01,C34,Jember,tidak
C34-O02,C34,Jember,tidak
C34-O03,C34,Jember,tidak
C34-O04,C34,Jember,tidak
C34-O05,C34,Jember,tidak
C34-O06,C34,Jember,tidak
C34-O07,C34,Jember,tidak
C34-O08,C34,Jember,tidak
C34-O09,C34,Jember,tidak
C34-O10,C34,Jember,tidak
C34-O11,C34,Jember,ya
C34-O12,C34,Jember,tidak
C35-O01,C35,Pasuruan,tidak
C35-O02,C35,Pasuruan,tidak
C35-O03,C35,Pasuruan,ya
C35-O04,C35,Pasuruan,tidak
C35-O05,C35,Pasuruan,tidak
C35-O06,C35,Pasuruan,tidak
C35-O07,C35,Pasuruan,tidak
C35-O08,C35,Pasuruan,tidak
C35-O09,C35,Pasuruan,tidak
C35-O10,C35,Pasuruan,tidak
C35-O11,C35,Pasuruan,ya
C35-O12,C35,Pasuruan,tidak
C35-O13,C35,Pasuruan,tidak
C35-O14,C35,Pasuruan,tidak
C35-O15,C35,Pasuruan,tidak
C35-O16,C35,Pasuruan,tidak
C35-O17,C35,Pasuruan,tidak
C35-O18,C35,Pasuruan,tidak
C35-O19,C35,Pasuruan,tidak
C35-O20,C35,Pasuruan,tidak
C35-O21,C35,Pasuruan,tidak
C35-O22,C35,Pasuruan,tidak
C36-O01,C36,Mojokerto,tidak
C36-O02,C36,Mojokerto,tidak
C36-O03,C36,Mojokerto,tidak
C36-O04,C36,Mojokerto,tidak
C36-O05,C36,Mojokerto,tidak
C36-O06,C36,Mojokerto,tidak
C36-O07,C36,Mojokerto,tidak
C36-O08,C36,Mojokerto,tidak
C36-O09,C36,Mojokerto,tidak
C36-O10,C36,Mojokerto,tidak
C36-O11,C36,Mojokerto,tidak
C37-O01,C37,Gresik,tidak
C37-O02,C37,Gresik,tidak
C37-O03,C37,Gresik,tidak
C37-O04,C37,Gresik,tidak
C37-O05,C37,Gresik,tidak
C37-O06,C37,Gresik,tidak
C37-O07,C37,Gresik,tidak
C37-O08,C37,Gresik,tidak
C37-O09,C37,Gresik,tidak
C37-O10,C37,Gresik,ya
C37-O11,C37,Gresik,tidak
C37-O12,C37,Gresik,tidak
C38-O01,C38,Gresik,tidak
C38-O02,C38,Gresik,tidak
C38-O03,C38,Gresik,tidak
C38-O04,C38,Gresik,tidak
C38-O05,C38,Gresik,tidak
C38-O06,C38,Gresik,tidak
C38-O07,C38,Gresik,tidak
C38-O08,C38,Gresik,tidak
C38-O09,C38,Gresik,tidak
C38-O10,C38,Gresik,tidak
C38-O11,C38,Gresik,tidak
C38-O12,C38,Gresik,tidak
C38-O13,C38,Gresik,tidak
C38-O14,C38,Gresik,tidak
C38-O15,C38,Gresik,tidak
C38-O16,C38,Gresik,tidak
C38-O17,C38,Gresik,tidak
C38-O18,C38,Gresik,tidak
C38-O19,C38,Gresik,tidak
C38-O20,C38,Gresik,tidak
C38-O21,C38,Gresik,tidak
C39-O01,C39,Pasuruan,tidak
C39-O02,C39,Pasuruan,ya
C39-O03,C39,Pasuruan,tidak
C39-O04,C39,Pasuruan,tidak
C39-O05,C39,Pasuruan,ya
C39-O06,C39,Pasuruan,tidak
C39-O07,C39,Pasuruan,tidak
C39-O08,C39,Pasuruan,tidak
C39-O09,C39,Pasuruan,tidak
C39-O10,C39,Pasuruan,tidak
C39-O11,C39,Pasuruan,tidak
C39-O12,C39,Pasuruan,tidak
C39-O13,C39,Pasuruan,tidak
C39-O14,C39,Pasuruan,tidak
C39-O15,C39,Pasuruan,tidak
C39-O16,C39,Pasuruan,tidak
C39-O17,C39,Pasuruan,tidak
C39-O18,C39,Pasuruan,tidak
C39-O19,C39,Pasuruan,tidak
C40-O01,C40,Sidoarjo,tidak
C40-O02,C40,Sidoarjo,tidak
C40-O03,C40,Sidoarjo,tidak
C40-O04,C40,Sidoarjo,tidak
C40-O05,C40,Sidoarjo,tidak
C40-O06,C40,Sidoarjo,tidak
C40-O07,C40,Sidoarjo,tidak
C40-O08,C40,Sidoarjo,tidak
C40-O09,C40,Sidoarjo,tidak
C40-O10,C40,Sidoarjo,tidak
